frame,left_knee_3D,left_knee_front,left_knee_side,left_knee_top,right_knee_3D,right_knee_front,right_knee_side,right_knee_top,left_elbow_3D,left_elbow_front,left_elbow_side,left_elbow_top,right_elbow_3D,right_elbow_front,right_elbow_side,right_elbow_top,left_shoulder_3D,left_shoulder_front,left_shoulder_side,left_shoulder_top,right_shoulder_3D,right_shoulder_front,right_shoulder_side,right_shoulder_top,left_hip_3D,left_hip_front,left_hip_side,left_hip_top,right_hip_3D,right_hip_front,right_hip_side,right_hip_top,label
0,119.12367535955916,117.46265661729491,87.5949145978682,159.42831948867368,120.54164551043509,120.87619763001832,99.21620353774274,171.76599942060648,159.86102211989626,159.11585814564572,178.81364919490747,124.23796956437008,161.10522379832545,161.25340860910836,176.61260170564915,86.91674350034936,105.13885888694466,178.48999517212422,105.14387636231147,174.43692016174262,99.6837917967627,5.147557271987108,99.7222583533866,152.2652767308286,123.47161522168912,124.14621423485745,145.15226134085196,152.3399140875726,117.96100625951254,118.47455565287524,85.49599159607173,169.34129219420294,correct
1,124.3196386678277,122.64551830056388,102.70275761681516,162.20136622864942,126.85497207485653,127.38643710208522,123.47340450476162,170.2146878260517,159.1924252127356,158.4060571840078,179.03445365393625,122.46999363722155,158.87129445221242,159.02132669079216,176.28951888882762,78.56036833745186,105.39073687649581,1.913281003720667,105.39891456043952,173.0845577178905,99.72191144581758,173.34714377612343,99.7865492693278,145.9329030434324,125.51435855839043,126.08596110885082,135.3167414011118,154.68661199446214,121.43677980793896,121.80885903647608,86.9525937171404,170.86384130321824,correct
2,129.41432528787615,127.81173488160823,115.30950426929354,165.1921080669015,132.91933905532036,133.66542798559556,139.02158351993845,169.08174903826287,158.565321680874,157.74460783962485,179.2284686090704,120.53615295935265,157.09265055999117,157.26312453049823,175.90292322826036,73.12040592867477,105.58766486508885,177.57042970323988,105.60100674635171,171.3597258605378,99.8933236385867,7.858675675413262,99.98524021703291,141.90470516825619,127.77393774369708,128.27127888297377,129.02322842547426,157.26537236197046,124.96233111368477,125.1855416611293,88.44810781219695,172.17125539803374,correct
3,134.28425927710146,132.81810265334698,124.99118458572434,168.21759779176264,138.5638621476814,139.5887431239018,147.0372399977734,168.10244845377036,158.0031264517731,157.1542513727054,179.36884357759251,118.5112029052369,155.89036283670058,156.08619437804364,175.5594701208059,69.92411080550542,105.71715231729362,83.3741162849869,105.7383372876659,169.29478874358927,100.08818224101088,102.31117107272524,100.20408727690956,139.51702120587905,130.23933734872375,130.715168116634,126.05446664098392,159.84146429623857,128.4999695775977,128.56111148027404,89.85882655343876,173.4446088947231,correct
4,138.8481979068734,137.5424600705292,131.77540398215808,171.15797465786105,143.69111313802435,145.15761395045504,149.9796819472846,166.99545058933842,157.55301594747834,156.68295156613163,179.4348197096296,116.5824176893178,155.21260499059804,155.44008217911502,175.2547766686608,68.51113577213142,105.76849139466627,90.1403646581546,105.80006824706291,167.07107572657222,100.30522577617126,84.31485056080245,100.4383646748463,138.4867110324936,132.91917630509712,133.43661390331306,125.98931141584089,162.17944644083985,131.97714589330974,131.8687552706373,91.15531650731937,174.750348927526,correct
5,142.91601238606683,141.71670121048152,135.4713397101459,174.0035522182314,148.12137968055723,150.2166070364737,150.89805363138223,165.8239373914547,157.2713060178171,156.38836656982545,179.56243752071924,115.18356225486116,154.77941032288913,155.0112667614308,175.14274544034225,67.12211427712637,105.8424154060925,81.29179479006254,105.88372301345214,165.39323474462148,100.36312363451658,104.24950615790563,100.51263889424288,137.10447187741644,135.69213672642985,136.24802648480008,127.72068447387932,164.115217346066,135.3273687411342,135.0363846605078,93.05818772137685,176.09375888697463,correct
6,146.30775714946307,145.15181115057908,136.25868685723023,176.68180415824767,151.8111087736136,154.69592823137543,151.47657909592698,164.72847437785651,157.15528044789667,156.25246719929564,179.8750101823655,114.88343978228876,154.22587626679314,154.4213547651553,175.29277152290084,63.70965233334434,106.17942078625083,175.48443432755806,106.22715111356071,164.8181455785952,100.04048359133965,10.602008510216091,100.21122376416801,133.90034166157758,138.38044153578815,138.9488407956685,129.05634189384094,165.48206270559865,138.4577073960923,137.96598771435072,96.06831478767154,177.42285748853826,correct
7,148.89862052046254,147.78098465866842,135.49191559798325,179.11859110941458,154.87389657637033,158.5909929814783,152.43719537660087,163.9849292013452,157.3179539141683,156.40577382842918,179.66524270340057,115.81875063464999,153.52152238844656,153.65093804700757,175.69245027700026,58.45878924597192,106.70057708501189,89.98159142412652,106.74822376604065,165.50438264866415,99.36088573567783,82.75542921431013,99.55627744401717,129.08026588821275,140.7932710615938,141.34715121811914,129.61618637884507,166.32027168624433,141.31608630648117,140.63066504407226,100.0937881467738,178.55162316101877,correct
8,150.73474800318974,149.70222828995574,134.53858478263132,178.78415263082198,157.41965678963106,161.81693571047828,154.00100391464218,163.80495907337416,157.64440148621372,156.74250922849888,179.09418030620552,117.41494004515967,152.60064425095064,152.66164669945886,176.23325967501847,51.95622403659418,107.33692740819717,175.8369950831453,107.38003211144071,166.90880739792468,98.44907254760756,13.045424249456213,98.66954994479701,123.34781709128337,142.80351682435696,143.31767754024273,129.6194611532171,166.8183972362951,143.87673377801212,143.03131293786907,104.56613432390292,179.35192065391342,correct
9,152.03335487939066,151.1096990831955,134.23302925763988,177.19505239281762,159.60097600133818,164.31253738595066,156.35800419431672,164.28773328194097,158.11076471212974,157.2514858486979,178.5474033318677,119.28963837601647,151.64102709869536,151.64233335821595,176.8661306476439,45.814022869039675,107.88009594843095,176.33213813978196,107.9144523116367,168.78384659398364,97.49387679449902,14.40361705602432,97.73417453400367,117.87064750436575,144.39973824667953,144.86951720743738,130.03934681905469,167.03734713717904,146.08657597640737,145.1334007226087,108.7695458880298,179.75309512142906,correct
10,153.28150369291276,152.45888627209607,135.16248101869567,176.3088109172106,161.53329873336307,166.176677640031,159.04411539732834,165.29075942090196,158.60622257246942,157.81006495048263,178.13535506526563,120.90324155683643,150.87410179015285,150.84050204631097,177.35471565043196,41.743733080711515,108.19220576675369,95.81667660267595,108.21763831399147,170.55801596228184,96.81347976827777,71.8143780288352,97.0681436851481,114.08678035022875,145.6433378157825,146.11187684892,130.9471646754499,167.06371353461265,147.9313773695693,146.94487581108046,111.96897270136796,179.77146622463212,correct
11,154.5279349246447,153.8230839641634,136.64989372239322,175.82343177315482,163.27887094236672,167.5575662922415,161.6808244696719,166.62463821149774,159.01371113524468,158.2950790505355,177.882068908308,121.67422742817928,150.4877313430606,150.4318836883028,177.60594766190428,40.92342932667395,108.12935744981897,93.5757069598952,108.14791475815106,171.8710769203597,96.6225677582533,72.87971702133476,96.89468474182569,112.5641906625274,146.66031534264098,147.17046836388897,132.2520707102577,167.07282925440109,149.40958181096548,148.4749487873441,113.82319957196356,179.3740956535208,correct
12,155.64287454040817,155.06802065801008,138.1843795800876,175.55891102621422,164.77631950000455,168.41598512605566,164.43821055208588,168.17331765171303,159.2491696954359,158.62133950279846,177.7187059530134,121.38652797466848,150.48196896975995,150.4070280384088,177.58574170331943,43.42078371714475,107.69718277129941,82.32091618748892,107.71083194802758,172.75981243063362,96.97636035532625,111.94783217922436,97.27627758222488,113.19608107631232,147.432412351442,147.9902394874272,133.44296978746368,167.14746223272468,150.35661403822834,149.54831804427997,114.10398170827352,178.5747596041139,correct
13,156.51725135994286,156.0981583489444,139.40953665547295,175.3671861891145,166.00352937278495,168.89196633932053,167.07906756292505,169.7750959372341,159.33495052792603,158.79705715408568,177.62356944428885,120.26815895844071,150.90693880776558,150.81836603250872,177.29489981372325,48.60047374993865,107.02578238597239,91.49271474252342,107.03639468671923,173.22893770868134,97.79242391398246,102.96365886798714,98.1243831932989,115.67365801697767,147.9695447459622,148.5532348224071,134.29202560795432,167.3818166172183,150.78555634704676,150.1801470441714,112.8993709320158,177.45889315129602,correct
14,156.8967847398037,156.70067572216627,139.62653551985892,174.99675166252706,166.88630105238371,169.06041911439024,169.14072535739544,171.2957737795096,159.3266081419004,158.85512134125054,177.67504799470603,118.60810400967468,151.83318582815548,151.7641623516253,176.58593215816327,56.21646801550004,106.1879644603455,87.1241614102306,106.19713452259504,173.21047576399363,99.11503501758534,106.75209952140406,99.46920124042332,120.42129287881816,148.26920552418153,148.86861336115876,134.84734047387437,167.80822398122714,150.65248532274865,150.34630308869046,109.97419059286672,176.0783208544178,correct
15,156.75443169671829,156.84533504222466,138.7644952650073,174.37422950558212,167.4425548425687,169.04212038203548,170.48936129699274,172.62829930684939,159.31934895855727,158.88512721551348,177.8447029982809,117.05859772461338,153.15137023441687,153.16564082495975,175.6283138972661,65.0234972143779,105.38379372493937,96.40858096982932,105.39221041623694,172.98059785611824,100.67033043357597,70.94941732706657,101.01699461329105,126.80775741778184,148.36687293283694,148.9894513777538,135.75616396973973,168.3164700134005,150.12609573530426,150.17718670088354,105.96414035100759,174.65518597512957,correct
16,156.20610017913043,156.6132567385881,137.00753215647916,173.58326661825794,167.72447750198157,168.95225239143434,170.8904094717734,173.63677396283606,159.35158866763913,158.91522063632985,178.17200871200214,116.11392206172941,154.64668143180174,154.8298771317784,174.6261497973424,73.65909449307814,104.74250292897041,1.9476382599481048,104.75065306271058,172.64058532186164,102.14444271280209,167.12251174758453,102.4481198770592,133.9963565169748,148.32420434238935,149.00668379213812,137.85102852633108,168.74816589541237,149.43688726881894,149.83442014493727,101.53633065544737,173.42269406146124,correct
17,155.56673098306544,156.24521061891676,135.08794530292292,172.8644725868316,167.86452752668941,168.8921481298932,170.6158825724671,174.29076725804524,159.43572953307546,158.97461942366078,178.58879828545298,115.94312854485804,156.06287641323442,156.4709703185982,173.79426132309078,81.07843996730759,104.30149256575268,1.9361801055920995,104.30932682555911,172.45033401968743,103.28844571868284,168.91714456817945,103.53177710739894,140.85730043513155,148.25295949357357,149.03553664498008,142.31790083015053,168.95904917288675,148.8518918772574,149.50945027343667,97.72991387696861,172.56820682206265,correct
18,155.03010398574466,155.90900906568436,133.4228349998152,172.30953315699236,167.94861234525828,168.9014390607275,169.97496643296807,174.61393438461727,159.5059808986323,159.00770123166754,179.0283540863779,116.25470301682299,157.15909401692608,157.78270767415944,173.23374155957887,86.33100659323111,104.0748551680383,178.03835342508808,104.0827800501535,172.2254250154682,103.9787383625442,9.570040227098684,104.16813179840643,146.26259711836934,148.21977476265585,149.11855097788063,149.0011643381166,168.97219731016335,148.5243125404679,149.33317808326595,95.18526520332004,172.11301287822585,correct
19,154.58108140003526,155.59605778131512,132.06239775935273,171.8842561736652,167.9955206501553,168.93306578297336,169.43699933165732,174.73020994006922,159.56617233058574,159.03887122973526,179.39152966713186,116.64901553789242,157.78419191741907,158.53934469753293,172.96032245341834,89.30917784502837,103.9501019047284,1.9945704417621102,103.95822840980775,172.02397731494347,104.31211171468301,171.3418047894303,104.47020334388161,149.456463286949,148.19080494756835,149.18398488855755,155.28963239917687,168.87748698730934,148.46922981034194,149.33945805657513,94.0991754390866,171.96468281280568,correct
20,154.33330662804892,155.4111284031685,131.38655645757729,171.6627489004767,168.03539184539804,168.98021420539308,169.25018971062573,174.73749921170017,159.56836585355103,159.0243539575843,179.61013345258164,116.68818558045629,157.85223016112624,158.61635281388448,172.94546977961625,89.9332762292231,103.88546727754834,2.0857034565967556,103.89431586104025,171.62491317188693,104.3864040372341,171.51572986075692,104.53887386714395,150.09297283731362,148.12707426940634,149.16160751441993,157.80067503133486,168.7939478068039,148.66567325488126,149.52759639484864,94.37452450336355,172.05843658318136,correct
21,154.06659453951596,155.21026998558602,130.82929966842752,171.42211116518308,168.0757381119032,169.04084479250042,169.1928371957164,174.69213647846357,159.47949250119862,158.93008353562576,179.73009320362965,116.03368845361894,157.60429794795039,158.31360696937048,173.03147269326246,89.59900620261186,103.7786027243255,91.38460398002908,103.78910073429256,170.78613031178628,104.41968032429943,82.16154042505445,104.58166786811037,149.4364637209319,147.98472171964755,149.01431499958838,157.76915902165854,168.7963077246363,149.0242399087026,149.84717527220457,95.25221457031073,172.2698144537635,correct
22,153.7475536371296,154.95390551660861,130.41890140804014,171.13689216863858,168.12501440872342,169.10849239794723,169.60496115046897,174.61266380709776,159.3039992611668,158.76645582938008,179.62624344798277,114.75808546606723,156.96285225268934,157.49307083216374,173.42524351861806,87.67997921931334,103.67824664483284,90.70777602651134,103.69076432361132,169.84798735223612,104.2294139853623,82.15848448887664,104.42442170244374,146.58411522946892,147.77247442532766,148.72331024248325,152.65078159342664,168.89586523825295,149.49784235638026,150.24194636842154,96.98698745582276,172.59804647613223,correct
23,153.44862543846597,154.678836878244,130.30458901487992,170.9090982493866,168.16416935072056,169.19963317233717,170.2462961831642,174.41004254552797,159.02476579698956,158.51314497193843,179.31906222196645,113.0536068491861,156.0320718945815,156.29451341681013,174.1854058051659,84.43638797340039,103.62669686801149,2.7122331922941547,103.64140799365167,168.95484654530517,103.72486936153201,168.9501220614382,103.97405418999962,141.8767857160025,147.55352860050127,148.3750923602516,145.30384986933242,169.01985833241227,150.0460286802052,150.66287467371225,99.53729731566278,173.06232674560306,correct
24,153.22037200053504,154.42355238640894,130.4887386239124,170.77232580289538,168.20885421412947,169.35675304302148,170.87409915073476,174.04535058183575,158.69676312823495,158.2253794097117,178.87890687603573,111.35471093709224,154.8903832721971,154.88247525924996,175.23816947025938,80.1187956233611,103.63323961533841,,103.649531028229,168.40115648201137,102.88694094056453,,103.2020833500208,136.00422232025844,147.40432939615752,148.0664114723832,138.92932341742087,169.12444479695654,150.62019456243613,151.06204764769055,102.6361526705454,173.6486854979893,correct
25,153.2501576186648,154.33153008779095,131.2573380756934,170.9013815100354,168.2419344843464,169.5594435859025,171.28789579348117,173.56707761627436,158.3630726320836,157.94187976716526,178.36475979617418,110.11844911076122,153.7276794903008,153.52095277515195,176.44411524691375,75.39865204018561,103.75623923100359,177.11410328795338,103.77304252044568,168.37888338233608,101.80892865039633,14.429437354131156,102.18225640885353,129.99735431642586,147.41059189102637,147.916176376488,135.44493628166146,169.14585920517146,151.15414160050426,151.40159185614942,105.9570091295275,174.26490484834056,correct
26,153.5064835545965,154.39134376628115,132.36963326132243,171.28210464031943,168.24084927950122,169.79727540040435,171.19111849333572,172.99742453234316,158.04592967559577,157.66825809354665,177.92198440906117,109.50098600766584,152.66071928986761,152.35734360509952,177.53328008731384,70.70219575447958,103.97016046150628,177.15095666299052,103.98677121210574,168.70120323487703,100.70875435496036,15.745527034647376,101.11604078742786,124.87203333780042,147.54779742461068,147.9325505964707,134.38423152197933,169.0779059850403,151.60641587228167,151.66594217020867,108.98750424805726,174.86591075788084,correct
27,154.13359174255635,154.73260119838676,134.08851381783538,172.0638638901511,168.2293246670534,170.0079700426482,170.9054696108204,172.5251426200481,157.77110626570735,157.41899066186554,177.59531078034505,109.57913154331384,151.8419402944421,151.5153919919035,178.31714396381525,66.52112768580493,104.2753949934312,2.7552719646352486,104.29124048095709,169.3014805917448,99.7923875609549,163.48145105958443,100.2052574712998,121.25884733233106,147.7743065371041,148.10922438348877,135.05267918470403,168.87297224066995,151.92685958328616,151.84389648134183,111.37083572828105,175.34603790416622,correct
28,155.11957684754222,155.39278145730222,136.37682223272964,173.18906736044786,168.20419957613655,170.20856379080448,170.29038604606316,172.10842907481398,157.5322621580381,157.17485518552658,177.4415227065394,110.04531151047355,151.3286612620339,151.01382925787928,178.68718689006172,63.11699329201048,104.62141913596172,83.72266451296001,104.63698287095849,169.7608116203808,99.18082182096666,110.33740055496035,99.5807735778236,119.26813666328574,148.07407625427462,148.44013536113093,136.6977267428343,168.58446429620284,152.14482201700233,151.9677006472086,113.009488394436,175.7215471527102,correct
29,156.37298914314036,156.3237732760826,139.2275648248147,174.55692269701777,168.15227925679693,170.3331738473106,169.66379608178602,171.80338859619403,157.37326266223286,156.99051969369663,177.4178357624509,110.62672479062957,151.06831344107505,150.77465822387924,178.73662627495278,60.55639787271622,104.93324877419268,94.42476401725558,104.94910532278438,169.9824400617275,98.83908092420259,99.523513143789,99.21931968726868,118.49226172311727,148.40862948030056,148.8564010171692,138.65295084204953,168.30480611482457,152.24167100525682,152.01496220112176,113.89611403998688,175.96496298094638,correct
30,157.64513480451197,157.33758003791394,142.21950129629977,175.86076149408902,168.0815375078476,170.38303564183076,169.24990143718816,171.5876315460516,157.24542931417562,156.83443191321604,177.41712148467403,111.08455678478214,150.921408896863,150.6493361178163,178.7009798702924,58.45781501534535,105.21814704922838,89.03643710591722,105.23492004924483,169.9853489990103,98.58274296551323,104.70212105409117,98.94515846894697,117.99763654680508,148.76101686408742,149.29571414687325,140.32036473516914,168.08170444505006,152.2523379215361,151.98523604777435,114.30173430568026,176.16038105231706,correct
31,158.73622184571715,158.26493720946914,144.7973223628293,176.8773382800298,167.95995331400664,170.3993291048618,168.72520451038991,171.3426554296224,157.21676769924713,156.78178374000092,177.45555263403503,111.41414324936326,150.8796000172688,150.62422604791809,178.61678545965097,57.16817665773554,105.38952144040749,2.822125610095966,105.4073211067912,169.8584168912697,98.44891586627921,163.6727243248176,98.79851980574517,117.85100354619459,149.12872641550655,149.7469437242133,141.69805200865974,167.93612532005602,152.23873322299443,151.93398179412904,114.37642412115883,176.3402495733228,correct
32,159.34215655965244,158.83118486851046,145.94191041232094,177.2098363717381,167.86457817596866,170.44579442269625,168.26753455389053,171.1081566011063,157.24944320612636,156.8070879185666,177.45512121562024,111.61010166026952,150.9022891398819,150.6548319376665,178.62096587307926,56.52694266120199,105.47662841702662,87.14188719731106,105.4949784652235,169.79132865275662,98.34353245596056,106.25648894672162,98.68581938765674,117.65018453195688,149.5188220323976,150.19069907036499,142.71249136828825,167.8940607444108,152.25577123402792,151.9100688021465,114.45643800093193,176.5067434253536,correct
33,159.43863337481145,158.98359857847353,145.58380177206809,176.90528977339306,167.78417871908584,170.50950989350596,167.82229411327398,170.88383770601075,157.34007465122662,156.89940380675318,177.45035762809485,111.84504654282246,150.92466874454658,150.67823155992363,178.67634199208092,56.31550695865478,105.50003692915726,177.1675645901206,105.51808297964038,169.89678766185938,98.27694029516748,16.22779762118474,98.61533879621206,117.49953603409571,149.89124106565689,150.61177496019837,143.74029366021162,167.8591182172828,152.30683701197398,151.9242748451074,114.63206906423812,176.65628602799887,correct
34,159.05790056665276,158.73237765429664,144.0399302911339,176.13431849862067,167.76362838434915,170.62095872480285,167.45917690398431,170.7059194607117,157.4936413373136,157.05972855259995,177.46251989737388,112.21238453221639,150.95724227844767,150.7053760177613,178.78628793629994,56.539567258514026,105.46470356254919,2.728789330378741,105.48141756771349,170.23606838277584,98.24866244856491,163.79693916655722,98.58487709751957,117.45296557194266,150.19492091858243,150.9829800037285,144.9452561160418,167.73318786349176,152.410688233719,151.99486262965283,114.9906675967291,176.81573186188382,correct
35,158.60385157310338,158.40745229717544,142.58143516796795,175.41358184918306,167.80637558297857,170.7470255873546,167.2724944408942,170.62178650533838,157.68416367298408,157.25756310832486,177.50664466097422,112.62214950481409,151.00154334722725,150.7408197537401,178.9069528987017,57.09988374848168,105.37229613237187,,105.38726482311829,170.66776455426972,98.2631855726617,,98.59984950173718,117.4989038635353,150.3984708790743,151.2630910445973,146.1144859012974,167.55052981829985,152.53219002035428,152.09484325835103,115.36646202905966,176.9418721670584,correct
36,158.14543836764128,158.04615385501964,141.3305594275973,174.85719389466544,167.87263011264042,170.87648453839498,167.12739568137715,170.57876189777372,157.88437402133528,157.4567122405881,177.624036572486,112.99420105544667,151.03813646125528,150.76812397787916,178.99617035602216,57.77243785658234,105.21996528510572,96.04388956057866,105.23343486535474,171.00774931424854,98.31716611497495,70.246885100698,98.65495436669144,117.68725283457957,150.49145596803305,151.43793986873754,147.0792809956403,167.3375875836884,152.64960320924166,152.19676142473787,115.65172905434304,177.06720802012632,correct
37,157.76061116394283,157.6998865799075,140.39550086216326,174.5449492745392,167.9121940994664,170.9393636103552,167.09090014672188,170.57341798005575,158.01747232526526,157.58524517839055,177.76530552497948,113.07583725258431,151.08711084951042,150.80682284675603,179.06749413289225,58.6244551809584,105.02959269322137,2.4124645727643816,105.04232128571503,171.0902970387609,98.39989526371485,163.7915134813938,98.74232418743985,117.87944146801821,150.48786163816763,151.5014453696192,147.5948387841967,167.1483128399714,152.72224813002435,152.2554368876188,115.73169364741362,177.18643320416922,correct
38,157.41494286105214,157.37250388618327,139.5292652139444,174.3339398059131,167.89637470717676,170.95289555499758,166.98982592290517,170.54158886221265,158.02219320874167,157.58321340086758,177.8940347561457,112.69190501319758,151.12231509626835,150.833528022304,179.081378112734,59.41884749632369,104.83947894729451,87.11668910501514,104.85269595628245,170.75200352428865,98.50177071305629,79.06750205398161,98.85176038177214,118.0562641282479,150.4793428026256,151.5285501264992,147.59522796951873,167.07191089100493,152.78207006432754,152.30108949321132,115.64024591343433,177.3009790302821,correct
39,157.05294261232288,157.05295890699736,138.52582076385156,174.0782114275214,167.80105814519183,170.89284364196206,166.78234708996638,170.47141876764258,157.91588303487714,157.46804107059924,177.99217315925398,111.98495723925919,151.21524794207502,150.92184227087867,179.0432878176843,60.151863728430236,104.69496932465955,2.628303106797278,104.70977338192202,170.08170657742937,98.60199779139114,163.64627785472987,98.95892709818324,118.24688844406765,150.51176040844695,151.56681332382703,147.2771833352405,167.1343869026798,152.79035018828702,152.2991956429435,115.31403999964479,177.3895506575919,correct
40,156.6213039693868,156.71150927447738,137.29218162164938,173.6658493190291,167.63883056203554,170.73112559447122,166.6482933768236,170.40747792984388,157.6776635546562,157.22234480995172,177.9953022693514,111.06857110512684,151.26831867567472,150.97532088248144,178.96631535757476,60.45746586089443,104.67189164232343,96.02535448641302,104.68934088225878,169.22769460349343,98.66374458995101,97.5465375614401,99.02650085662162,118.3162684652237,150.60684862922426,151.65927873905193,147.01689196137895,167.25779458526262,152.73978206986862,152.24073327898074,114.90677540692772,177.45773381713715,correct
41,156.26015131597345,156.45072411573426,136.21606513804824,173.25279342557278,167.4249617476128,170.5078990888336,166.5410365124616,170.32780090213313,157.45946529845793,156.99590925498555,177.94721265184978,110.44226977481533,151.2940923998952,151.00651501131446,178.88172257868902,60.321239140196894,104.76244563163782,99.30672018472762,104.78266525655877,168.53055600945123,98.66410922826913,67.2462066883155,99.0307603694713,118.19784015570926,150.73425557133024,151.77671979336378,146.73415905225696,167.4009648599744,152.67046806186937,152.1628445448478,114.57579926326079,177.51413300572477,correct
42,156.02976193253653,156.31106998534898,135.48154984778319,172.91119182592666,167.2057833901126,170.25470856814238,166.55897242657107,170.26768497733386,157.27615258108375,156.8020977859743,177.87509341491975,110.16509535735753,151.3099189305276,151.03045479469736,178.82531079662942,59.88708130392364,104.93874246906539,100.35688521639663,104.96147315371128,168.06864571430813,98.60301022515901,66.26930170045873,98.97145435670559,117.89608501704069,150.86118577233188,151.90136589936824,146.55618980159605,167.4996820347113,152.5615894966339,152.04331268037564,114.32232620634066,177.56628166494002,correct
43,155.98540906220154,156.30664822053893,135.24646014363668,172.77320646926754,166.99850501050807,169.9934978043225,166.690209451069,170.23255147530764,157.209528269703,156.71946569610623,177.83882229341242,110.38508911157922,151.33138465524368,151.06284383406808,178.77645912938124,59.21699665115726,105.15144837786826,3.3275937591061897,105.17585800484856,167.9012727080344,98.49732418302098,163.2965214839667,98.8658391554619,117.46588661252844,150.93513710253634,151.9761188988519,146.31453673408058,167.54195007877777,152.41285909763332,151.88328368672165,114.08636842917485,177.60386325769758,correct
44,155.96550508970395,156.28732988747296,135.18826575032577,172.73130644817903,166.81433696390974,169.7640368566868,166.8600267523628,170.19337388887294,157.24164009460588,156.7373019643987,177.82890929018498,110.85475697966582,151.36053984300324,151.09855070547468,178.79378305598573,58.762044951180854,105.33234950528818,92.8879834528702,105.35741494040502,167.9548598974335,98.38709012096655,100.57363281938238,98.75604806274524,117.00558437740936,150.91771273803016,151.97326689594087,146.01421074395824,167.4830504925634,152.25629126414643,151.7078749712123,113.91761589798881,177.67671433680104,correct
45,156.06294578605466,156.3592469035853,135.42056229318712,172.8001123127283,166.7109577656171,169.59029598944,167.16766946492083,170.2214894163629,157.3281584942537,156.81265440508702,177.83658115804295,111.44485030631519,151.45249561839478,151.19578471353861,178.82008950818147,58.56611514945068,105.4713889917625,3.3182867269452787,105.49612429795533,168.18832357855658,98.29425299669576,163.09377630845893,98.66334143804704,116.62471415487279,150.88928416565676,151.96363282724255,145.7905739197438,167.3948635402863,152.07603573065353,151.51316542688872,113.65094066003894,177.7147531846382,correct
46,156.18653424936502,156.46186712867632,135.72367105260292,172.87256328020467,166.6952606023919,169.48510682896418,167.53693908631172,170.31720335747573,157.47159558815795,156.95617082594762,177.83596717303843,112.00538789842649,151.5808252674847,151.324418616805,178.8738356146859,58.80685807574102,105.53022011812922,3.222597673124149,105.55362755798231,168.56388535129918,98.25462638082078,163.0754603893817,98.62282962828907,116.48935423167774,150.88257691433463,151.97909570860915,145.8478023984301,167.30371281413338,151.86915673670208,151.3035164272545,113.23075240185841,177.6872849580823,correct
47,156.3549414870109,156.6182653043751,136.1006398838001,172.9390839314407,166.76336865227358,169.3956192858262,168.17400519195792,170.5453796506634,157.65669438497116,157.15603160112505,177.80362113616204,112.4480833382582,151.70599812231924,151.44500828089286,178.95428843580802,59.42000241437419,105.50868885910873,3.08153083180856,105.53006294972022,169.0360649277583,98.26125436726639,163.06354292209355,98.6302826571673,116.49234030551301,150.96622644408137,152.07093023957717,146.13548177549342,167.27178306410227,151.61904576140398,151.0680835222574,112.58709041546692,177.52700609305012,correct
48,156.5398707222018,156.82479687446983,136.42742903662187,172.94942553227614,166.89274877253212,169.33255345610507,168.8513145137513,170.86956339536002,157.9022245494709,157.42146545852376,177.78902351844917,112.86810902075247,151.82948263376656,151.5607618987457,178.97301913999402,60.376238836154094,105.41637426837403,177.07839333784287,105.4354822196245,169.52778556285696,98.37314071765664,16.852888864060528,98.74320108702005,116.91661466933864,151.1483303343327,152.24649191592667,146.70449511247247,167.33964413632617,151.3560617687595,150.85129808073202,111.70026299156702,177.19833106765796,correct
49,156.73218031906765,157.06193209192642,136.6462471879432,172.93176926079818,167.02011699561754,169.26800567496434,169.40263343212024,171.22087149778835,158.1960471967788,157.72587415050194,177.84934328888966,113.33484517662858,151.95530873572167,151.67918571214867,178.90043644028125,61.424086010964814,105.2877023936081,,105.30508369426356,169.87742538532504,98.56743721591005,,98.93691496975188,117.72105519723546,151.40328141592832,152.49753067123802,147.54898073960263,167.4734001848361,151.0787689363071,150.6487693372805,110.56470095192735,176.7572928197084,correct
50,156.90379178912426,157.30483429879396,136.63682877583332,172.88616973327223,167.0908930430044,169.20321860618236,169.49443236409215,171.50315565072293,158.4664393002034,157.9887164500078,178.02552893067096,113.64914592367708,152.1609566394208,151.8815746795846,178.59537560696032,62.9356604725227,105.11704188632909,89.20506726147875,105.13405427787221,169.81649283248638,98.96414053708251,77.32492225442601,99.3307945610793,119.40839996741573,151.68206001520502,152.7964319287496,148.7616142679576,167.641665017335,150.7959534454173,150.46867863511207,109.07366034918206,176.2632849219899,correct
51,157.00577730013754,157.50228844724575,136.2989060395786,172.81487953912324,167.08460378825362,169.15753655598078,168.88125506152784,171.64129751969702,158.7160804979902,158.21113144879035,178.34681265765238,113.84759435783097,152.54539186407476,152.27896672561644,178.0007789371529,65.27672628335381,104.90447564174107,177.1164576722238,104.92252842834723,169.2970838708416,99.61124756451852,15.560124597366386,99.96970032501923,122.26320984672985,151.90095036605717,153.05796750875007,150.34465405539962,167.83772804460378,150.53538518515276,150.32900898938718,107.21816160100173,175.79348052833083,correct
52,157.0484123342468,157.65000386628657,135.70067882421338,172.74399573955586,166.99320304358795,169.1396371431271,167.49015253448763,171.590202387588,158.86669075641808,158.32519542771774,178.7693525263825,113.75802726708685,153.0706936170158,152.85245371008048,177.1536986576096,68.45213590268487,104.65501179139825,100.09744904779411,104.67547121955816,168.3411120204554,100.47813137539157,91.41199571895937,100.81976965250074,126.26287191283456,152.04618516607601,153.27534533735147,152.85793252454366,168.01465536492145,150.2972863346937,150.2103170742509,105.0796367812603,175.42499094602073,correct
53,157.04426186766116,157.7420484725202,134.93777611950333,172.69668946406708,166.85809795566666,169.15060389420142,165.59540154255825,171.42224978379258,158.89321929441016,158.31670727632243,179.22747885908635,113.34839036558874,153.7301444208889,153.61878373806502,176.13701508953204,72.23339234220367,104.39968895992804,88.40683736115918,104.42377919553282,167.05596127958415,101.45531651611171,101.68468357863298,101.77064136878214,131.01178199519882,152.14961733205948,153.45778796394063,156.63090144262085,168.19157629882423,150.09851874908162,150.12566482409625,102.76229929156389,175.12671109587478,correct
54,156.9459557098547,157.70249136016326,134.08215686904086,172.70340567100018,166.66051093740379,169.23671988821422,163.18981753414738,171.0243444005269,158.8335166299108,158.23034177594934,179.63819478548712,112.76832684596283,154.4003005280257,154.44968116622113,175.1412615382929,75.94729765525791,104.19070810617475,95.49369682619268,104.21920612481655,165.66948819064876,102.36298800061368,75.85739321612587,102.64666319212365,135.69556467510634,152.14811960735562,153.52404206549207,161.453703331393,168.3375303981802,150.02389368130125,150.12192925521268,100.78858252595028,175.02986091347722,correct
55,156.78115310374127,157.54385388465911,133.28007202565666,172.8022323008502,166.33896450138215,169.29361858003816,160.5887260790737,170.45102116464153,158.69480466479843,158.06350250590958,179.96877864970585,112.28587216162671,155.02559563898612,155.2946254427334,174.1809446150939,78.69441453533463,104.13262376926639,86.83938539930644,104.16667870722405,164.30984248779302,103.06377163991115,100.45548315536655,103.31518617274732,139.69596258399514,152.02934917347915,153.4590829901749,166.83257812844144,168.42896087940557,150.03752703783556,150.16191372931584,99.39670860096354,175.12236360452977,correct
56,156.46317844835434,157.18475522618175,132.43048656178746,172.96407392351966,165.82698046880265,169.2542129127979,157.8866561932166,169.6834809878732,158.52408984174113,157.85938808051372,179.787552282867,112.03576014947399,155.52328616629256,156.04939107942334,173.31207572028956,79.9576537732725,104.23350881771334,4.432062509770353,104.27445717852451,163.0568381250043,103.48426011596271,169.43533696197758,103.70807646564337,142.59801744423575,151.72290983945538,153.17837083891075,171.62771533581375,168.47574942128088,150.11574707741113,150.21216789584233,98.88141629204,175.45671613296722,correct
57,155.94785722175442,156.54268747141884,131.57707245530815,173.3277882628921,164.94440261220433,168.95001770167022,154.8247673410141,168.63794281742287,158.3352086417266,157.62694653084353,179.58543369059123,112.0811414095714,155.96420071471186,156.78627102605725,172.496019459676,79.90299659457321,104.47634446883947,175.15673763308888,104.52602823599182,161.89098944563392,103.65736587762648,9.909016325871555,103.85627386560908,144.69359767973452,151.14069968219803,152.60627269815282,175.80191576542387,168.43238058296288,150.1299385144639,150.14833585747212,99.15066633255672,176.0562170777112,correct
58,155.17875649499334,155.56947743532203,130.65938763958962,173.9444500765077,163.67238690693637,168.09080089991994,151.86066473927565,167.61446158966226,158.13459090729899,157.38301980663627,179.39289712786848,112.00996952068198,156.36304821190205,157.50336960777568,171.7324549389608,79.3702716535628,104.71762121036716,102.01247932462752,104.77871009922818,160.52904169247145,103.74148986942629,73.97205980410325,103.9191358521042,146.41784068319703,150.25037813908668,151.72508692684514,179.53176565906813,168.2801069622928,149.84517434313875,149.78337647794135,99.41625837268019,176.7154501316091,correct
59,153.9319802950863,154.04823800678193,129.44820829485778,174.86862218445964,161.95948614221157,166.49802984024282,149.17264967363943,166.72012185993503,157.93364598793957,157.14491069899043,179.2191313296339,111.78095803160967,156.63556544630757,158.04234652029746,171.1625106966271,78.40924333624692,104.9098835163703,174.16163315610908,104.98413890258354,159.0913461001935,103.71358399846345,8.919215874154986,103.87499038530608,147.57008160900412,149.011014708976,150.48228915289317,174.73086625067273,168.01435694845742,149.10054276478445,148.97305846626676,99.56562743692689,177.3057638433761,correct
60,152.1921704855552,151.97123017590906,128.06562218378625,176.3056651148177,159.7725911680793,163.99109688738585,147.06440602276825,166.22428048385933,157.72012060947569,156.9104955913231,179.16277977550797,111.05687208764627,156.70945052481807,158.2729102851826,170.83059790261032,77.67929592405412,104.994380753026,173.65954872292713,105.08246988111469,157.59293042474317,103.69967383651111,8.699824915181786,103.85302322037118,148.1804075010325,147.49000497892342,148.97016271084686,170.6941447878497,167.53521191834724,147.75162284389856,147.59470610849104,99.01583415316152,177.58884023929446,correct
61,149.72008705880603,149.17309022669534,126.14443502939265,178.21238186983487,157.1101391801062,160.6455293820555,145.83729229698147,166.2735155694037,157.57992036821167,156.76700666747197,179.31862584722805,110.1149417639548,156.52019341274314,158.06576264402338,170.83011237255693,76.9912718185976,105.02650117022657,98.51992402599024,105.1259993026936,156.41608897242455,103.65926623536934,79.39602533185375,103.81627899955073,147.76791488223606,145.59203419306203,147.05942580675693,170.48552171501365,166.8515318928616,145.80644162454143,145.65633749195874,97.90585941758843,177.44772863089815,correct
62,146.44147123018558,145.6339889888991,122.97077392331317,179.5396398706261,153.94228158130383,156.66051182117002,145.2024620989192,166.82595244280463,157.50089158964155,156.7010772541458,179.68211337808103,109.05721567738759,156.07877652748252,157.4711531085377,171.08239540330155,76.27128355269642,105.0469827772364,173.01079692053167,105.15446956269093,155.64661181314514,103.60553626876687,9.213243493547953,103.77661770828058,146.5140467873635,143.3560743248008,144.77327005994502,175.0761986108223,165.97348236768917,143.35834508604407,143.25760929986245,96.28626253725997,176.82871446420404,correct
63,142.44326442101982,141.44701332018317,118.09325623662872,177.0802535478593,150.29879256190654,152.22657651288236,144.9811058559399,167.83630637730454,157.491109893917,156.71605746589168,179.8380625463279,108.32444804349353,155.54698748068267,156.74314197853536,171.44944060225646,75.44226621034069,105.12161201082914,80.25877093943396,105.23171239289019,155.54992421413732,103.51242126842017,102.39939954030255,103.70168246098245,144.92125734277585,140.8266234774734,142.1523726703954,177.64023004867465,164.89425339496353,140.5663735952799,140.56214047901088,94.65812336801294,175.81555001030677,correct
64,137.9376437479799,136.801031792405,111.11194793055917,174.61997309347635,146.21925142880767,147.54146611396428,143.86731379923586,168.99483304605585,157.52152679582224,156.78086429091252,179.3640074217634,107.83949185979841,155.10909206627574,156.12620008354963,171.8338163555688,74.72863924501662,105.20840528225472,82.97980054555485,105.31790459473721,155.79222621883895,103.39280848463605,100.18702173860805,103.59941126135266,143.3949725910298,138.11587207982382,139.31555387807958,170.5916945693576,163.66281270731812,137.61755019262716,137.74385003270842,93.21717514911424,174.60624079301246,correct
65,133.2934332222227,132.06536070133544,101.91885792634685,172.3324496877065,141.74705969346164,142.65483788962717,139.57537537190603,170.15332837287932,157.55035244338825,156.83391260256403,179.087697407676,107.54576105014448,155.07121784149717,156.01555611086533,172.03183072142522,74.74620203922872,105.25999841491674,82.5229053201892,105.37012535179583,155.84012850411713,103.32559333043112,100.77233275399882,103.53690566611462,142.8862173947128,135.48833382011188,136.5896675002999,167.46791504089305,162.33909006209916,134.61700917407907,134.8951964636298,91.65710001164712,173.34750559168162,correct
66,128.76237602269674,127.4420129055145,91.18375944029695,170.4281868733447,137.025550584791,137.6532908084579,130.764024738474,171.23892545325626,157.58107609654317,156.87810279103542,178.9729435190959,107.32359105887818,155.3776395420396,156.29488392071724,172.18531168224956,75.00867802729876,105.2568140233488,172.91872695739386,105.36855825070744,155.67877011379898,103.19828074364112,10.302378442270674,103.4068063592736,142.6707045571632,133.15072755044002,134.17130998241512,165.8780258818303,161.05632976522858,131.67945149624285,132.09236160585715,90.29114601953249,172.19119969268684,correct
67,124.41138530722996,123.01453631619604,79.92635874680214,168.9954307270152,132.14717403246033,132.59546675714608,114.02340023710995,172.14364363738346,157.6880079783494,156.98922281324445,179.05605194132153,107.17433033999046,156.067266908333,157.00005923479475,172.29935615558193,76.04221829121616,105.14168720053804,,105.25618161927639,155.17286420016285,103.07017799555243,,103.26644457823026,143.0865586108554,131.1180416900599,132.09797276741824,167.07912333682185,159.92259869772283,128.82510171930065,129.33306534316185,88.80270333271831,171.25800358295103,correct
