video,start_frame,end_frame
vid_001.mp4,21,94
vid_001.mp4,124,191
vid_001.mp4,209,275
vid_001.mp4,298,363
vid_001.mp4,378,448
vid_002.mp4,9,78
vid_002.mp4,88,158
vid_002.mp4,170,240
vid_002.mp4,253,320
vid_002.mp4,335,402
vid_003.mp4,52,122
vid_003.mp4,143,218
vid_003.mp4,237,297
vid_003.mp4,312,378
vid_003.mp4,398,460
vid_004.mp4,94,152
vid_004.mp4,157,210
vid_004.mp4,217,270
vid_004.mp4,279,330
vid_004.mp4,339,397
vid_005.mp4,4,61
vid_005.mp4,73,123
vid_005.mp4,134,185
vid_005.mp4,193,239
vid_005.mp4,254,306
vid_006.mp4,8,69
vid_006.mp4,94,153
vid_006.mp4,178,233
vid_006.mp4,259,314
vid_006.mp4,333,394
vid_007.mp4,30,87
vid_007.mp4,108,167
vid_007.mp4,177,231
vid_007.mp4,243,296
vid_007.mp4,306,362
vid_008.mp4,18,82
vid_008.mp4,90,149
vid_008.mp4,157,218
vid_008.mp4,230,289
vid_008.mp4,299,358
vid_009.mp4,9,71
vid_009.mp4,77,131
vid_009.mp4,141,207
vid_009.mp4,211,268
vid_009.mp4,280,338
vid_010.mp4,7,63
vid_010.mp4,76,127
vid_010.mp4,136,195
vid_010.mp4,204,259
vid_010.mp4,269,324
vid_011.mp4,22,66
vid_011.mp4,74,114
vid_011.mp4,124,168
vid_011.mp4,183,216
vid_011.mp4,227,265
vid_012.mp4,1,37
vid_012.mp4,53,92
vid_012.mp4,109,151
vid_012.mp4,163,204
vid_012.mp4,219,264
vid_013.mp4,9,51
vid_013.mp4,70,115
vid_013.mp4,134,176
vid_013.mp4,193,234
vid_013.mp4,244,290
vid_013.mp4,304,348
vid_014.mp4,18,86
vid_014.mp4,97,154
vid_014.mp4,165,220
vid_014.mp4,231,285
vid_014.mp4,299,354
vid_015.mp4,1,59
vid_015.mp4,67,123
vid_015.mp4,133,189
vid_015.mp4,199,252
vid_015.mp4,262,321
vid_016.mp4,53,106
vid_016.mp4,196,256
vid_016.mp4,361,407
vid_016.mp4,503,570
vid_016.mp4,661,718
vid_016.mp4,765,819
vid_016.mp4,822,878
vid_016.mp4,1007,1068
vid_016.mp4,1071,1127
vid_016.mp4,1198,1267
vid_016.mp4,1273,1329
vid_016.mp4,1405,1446
vid_016.mp4,1450,1489
vid_016.mp4,1567,1629
vid_016.mp4,1657,1720
vid_017.mp4,60,125
vid_017.mp4,141,206
vid_017.mp4,323,365
vid_017.mp4,371,405
vid_017.mp4,527,588
vid_017.mp4,598,650
vid_017.mp4,853,893
vid_017.mp4,899,939
vid_017.mp4,1084,1144
vid_017.mp4,1146,1202
vid_017.mp4,1354,1406
vid_017.mp4,1408,1455
vid_018.mp4,1,69
vid_018.mp4,78,147
vid_018.mp4,155,218
vid_018.mp4,228,296
vid_018.mp4,303,373
vid_019.mp4,72,138
vid_019.mp4,147,214
vid_019.mp4,224,292
vid_019.mp4,296,361
vid_019.mp4,371,439
vid_020.mp4,6,70
vid_020.mp4,84,151
vid_020.mp4,160,226
vid_020.mp4,231,299
vid_020.mp4,306,374
vid_021.mp4,2,67
vid_021.mp4,79,140
vid_021.mp4,145,205
vid_021.mp4,216,271
vid_021.mp4,277,337
vid_022.mp4,10,69
vid_022.mp4,74,137
vid_022.mp4,145,207
vid_022.mp4,211,270
vid_022.mp4,275,337
vid_023.mp4,18,78
vid_023.mp4,82,143
vid_023.mp4,152,212
vid_023.mp4,222,280
vid_023.mp4,284,347
vid_024.mp4,16,87
vid_024.mp4,91,166
vid_024.mp4,175,243
vid_024.mp4,250,322
vid_024.mp4,326,400
vid_025.mp4,14,83
vid_025.mp4,88,152
vid_025.mp4,158,222
vid_025.mp4,230,299
vid_025.mp4,306,372
vid_026.mp4,101,168
vid_026.mp4,177,242
vid_026.mp4,246,312
vid_026.mp4,314,379
vid_026.mp4,381,448
vid_027.mp4,25,96
vid_027.mp4,155,237
vid_027.mp4,278,361
vid_027.mp4,383,449
vid_027.mp4,459,527
vid_027.mp4,536,596
vid_027.mp4,610,668
vid_027.mp4,687,753
vid_027.mp4,766,834
vid_028.mp4,113,181
vid_028.mp4,208,276
vid_028.mp4,308,372
vid_028.mp4,380,450
vid_029.mp4,9,79
vid_029.mp4,93,162
vid_029.mp4,173,241
vid_029.mp4,252,319
vid_029.mp4,329,398
vid_030.mp4,49,115
vid_030.mp4,129,197
vid_030.mp4,218,282
vid_030.mp4,295,361
vid_030.mp4,375,439
vid_031.mp4,16,83
vid_031.mp4,94,156
vid_031.mp4,168,232
vid_031.mp4,241,306
vid_031.mp4,323,388
vid_032.mp4,1,62
vid_032.mp4,70,121
vid_032.mp4,132,187
vid_032.mp4,191,247
vid_032.mp4,254,308
vid_033.mp4,5,57
vid_033.mp4,74,130
vid_033.mp4,137,187
vid_033.mp4,203,255
vid_033.mp4,267,325
vid_034.mp4,27,79
vid_034.mp4,97,152
vid_034.mp4,166,224
vid_034.mp4,233,295
vid_034.mp4,305,362
vid_035.mp4,5,71
vid_035.mp4,81,149
vid_035.mp4,159,227
vid_035.mp4,244,308
vid_035.mp4,325,395
vid_036.mp4,24,89
vid_036.mp4,98,160
vid_036.mp4,174,242
vid_036.mp4,251,318
vid_036.mp4,327,398
vid_037.mp4,90,157
vid_037.mp4,166,232
vid_037.mp4,237,310
vid_037.mp4,312,381
vid_037.mp4,385,458
vid_038.mp4,13,77
vid_038.mp4,100,164
vid_038.mp4,190,260
vid_038.mp4,273,340
vid_038.mp4,357,426
vid_038.mp4,435,501
vid_038.mp4,508,572
vid_038.mp4,584,657
vid_038.mp4,672,753
vid_039.mp4,30,105
vid_039.mp4,117,182
vid_039.mp4,196,262
vid_039.mp4,270,335
vid_040.mp4,3,368
vid_040.mp4,448,702
vid_040.mp4,790,1158
vid_040.mp4,1242,1556
vid_040.mp4,1644,1975
vid_040.mp4,2062,2400
vid_041.mp4,31,278
vid_041.mp4,372,632
vid_041.mp4,759,1051
vid_041.mp4,1180,1395
vid_041.mp4,1523,1792
vid_042.mp4,28,286
vid_042.mp4,438,637
vid_042.mp4,784,940
vid_042.mp4,1066,1257
vid_042.mp4,1408,1545
vid_043.mp4,85,231
vid_043.mp4,309,428
vid_043.mp4,513,679
vid_043.mp4,795,965
vid_044.mp4,30,201
vid_044.mp4,316,460
vid_044.mp4,581,743
vid_044.mp4,870,1021
vid_044.mp4,1104,1218
vid_045.mp4,10,244
vid_045.mp4,321,596
vid_045.mp4,709,926
vid_045.mp4,1030,1275
vid_045.mp4,1350,1624
vid_046.mp4,67,335
vid_046.mp4,418,679
vid_046.mp4,782,985
vid_046.mp4,1088,1425
vid_046.mp4,1551,1766
vid_047.mp4,18,249
vid_047.mp4,339,555
vid_047.mp4,691,883
vid_047.mp4,1003,1196
vid_047.mp4,1326,1589
vid_048.mp4,124,419
vid_048.mp4,422,772
vid_048.mp4,774,1077
vid_048.mp4,1087,1401
vid_048.mp4,1403,1623
vid_048.mp4,1624,1801
