id,name,x,y,z,visibility,frame
11,left shoulder,0.0877037942409515,-0.4808818697929382,0.0337846353650093,0.9999339580535888,0
12,right shoulder,-0.0689525976777076,-0.5501083135604858,-0.1616151481866836,0.9999959468841552,0
13,left elbow,0.0534185171127319,-0.2695496082305908,0.1264860332012176,0.0240803603082895,0
14,right elbow,-0.2355111539363861,-0.2915951013565063,-0.2494499683380127,0.9945284724235536,0
15,left wrist,0.1332370340824127,-0.0238119661808013,0.1656284928321838,0.0463233739137649,0
16,right wrist,-0.1254341006278991,-0.1574702560901641,-0.2943724393844604,0.969820201396942,0
23,left hip,0.0481532551348209,0.0058048167265951,0.1059254929423332,0.999978482723236,0
24,right hip,-0.0465488694608211,-0.0099266106262803,-0.1042811796069145,0.9999923706054688,0
25,left knee,0.0168426018208265,0.4009233713150024,0.2025181800127029,0.4675811231136322,0
26,right knee,-0.0653761550784111,0.324912428855896,-0.0310807097703218,0.9665448665618896,0
27,left ankle,-0.0599801950156688,0.7280588150024414,0.3652485609054565,0.8245226740837097,0
28,right ankle,-0.1738457828760147,0.7095935344696045,0.1071026399731636,0.9826642274856568,0
29,left heel,-0.0814674347639083,0.764948844909668,0.3888761401176452,0.8422713279724121,0
30,right heel,-0.1764032244682312,0.7422593832015991,0.08025973290205,0.8758664131164551,0
31,left foot index,0.022562077268958,0.7763450741767883,0.3733523786067962,0.9161057472229004,0
32,right foot index,-0.0655877366662025,0.7507234215736389,-0.0039888187311589,0.9760560393333436,0
11,left shoulder,0.0878245159983635,-0.474345326423645,0.0328387394547462,0.9999390244483948,1
12,right shoulder,-0.0719754844903945,-0.5443463921546936,-0.1612905412912368,0.9999960660934448,1
13,left elbow,0.0540749691426754,-0.2431970983743667,0.1237603202462196,0.0278567895293235,1
14,right elbow,-0.2349844127893448,-0.2868531942367553,-0.2513380348682403,0.9946885108947754,1
15,left wrist,0.1331144124269485,0.0166942384093999,0.1612183898687362,0.0582692697644233,1
16,right wrist,-0.1255918890237808,-0.1573841422796249,-0.3024912178516388,0.9715592861175536,1
23,left hip,0.0475521944463253,0.0057961912825703,0.1058994233608245,0.9999781847000122,1
24,right hip,-0.0459010452032089,-0.009915760718286,-0.1042324304580688,0.9999920129776,1
25,left knee,0.0113217746838927,0.4003990590572357,0.1988223493099212,0.458029955625534,1
26,right knee,-0.0534410886466503,0.3222146332263946,-0.0331461653113365,0.9649662375450134,1
27,left ankle,-0.0751688107848167,0.7209199666976929,0.3451133370399475,0.8180660605430603,1
28,right ankle,-0.1771796941757202,0.69606614112854,0.1006927415728569,0.9812673330307008,1
29,left heel,-0.0975881144404411,0.7577869892120361,0.3669299185276031,0.8393378257751465,1
30,right heel,-0.1818226128816604,0.7273306250572205,0.0733001232147216,0.8711708188056946,1
31,left foot index,0.0086642447859048,0.7725263833999634,0.3636849224567413,0.9136596322059632,1
32,right foot index,-0.0702385604381561,0.7374533414840698,-0.0066918199881911,0.97463059425354,1
11,left shoulder,0.0818170234560966,-0.4744041860103607,0.0389936119318008,0.9999390840530396,2
12,right shoulder,-0.0722781047224998,-0.5442347526550293,-0.1609311997890472,0.9999960064888,2
13,left elbow,0.0468524433672428,-0.2511969804763794,0.1269654184579849,0.0268226061016321,2
14,right elbow,-0.2351408302783966,-0.2836877107620239,-0.2505388557910919,0.9947927594184875,2
15,left wrist,0.124153234064579,0.007630655542016,0.1620710790157318,0.0559449903666973,2
16,right wrist,-0.1266353577375412,-0.1561160683631897,-0.294711023569107,0.9719221591949464,2
23,left hip,0.0458554364740848,0.005889224819839,0.1064058616757392,0.999977707862854,2
24,right hip,-0.0441252738237381,-0.0100091220811009,-0.1047520413994789,0.9999918341636658,2
25,left knee,0.006013591773808,0.4004795849323272,0.1889988780021667,0.4524911940097809,2
26,right knee,-0.0272747743874788,0.3222856819629669,-0.0573045089840889,0.9647217988967896,2
27,left ankle,-0.0921671688556671,0.7204773426055908,0.3150849938392639,0.8146983981132507,2
28,right ankle,-0.181296557188034,0.6909664273262024,0.0861845090985298,0.9804117679595948,2
29,left heel,-0.1160180792212486,0.7573620676994324,0.3359881043434143,0.8395612835884094,2
30,right heel,-0.1898761689662933,0.7218271493911743,0.0614238195121288,0.8688284754753113,2
31,left foot index,-0.0093984389677643,0.7765031456947327,0.3370174467563629,0.9116838574409484,2
32,right foot index,-0.0775632485747337,0.7366346716880798,-0.0103526366874575,0.9734370112419128,2
11,left shoulder,0.08224868029356,-0.4743059575557709,0.0370088033378124,0.9999402165412904,3
12,right shoulder,-0.0733235254883766,-0.5423896908760071,-0.1608662754297256,0.9999958276748656,3
13,left elbow,0.0486477315425872,-0.2510101199150085,0.1217528209090232,0.0264885518699884,3
14,right elbow,-0.2334965914487838,-0.278969943523407,-0.2494931370019912,0.9946598410606384,3
15,left wrist,0.1205279827117919,-0.0193208903074264,0.1529002487659454,0.0550352483987808,3
16,right wrist,-0.1271341443061828,-0.1529412120580673,-0.2985446155071258,0.9725641012191772,3
23,left hip,0.045160949230194,0.0058837695978581,0.1060991212725639,0.9999762773513794,3
24,right hip,-0.0433245226740837,-0.0100073404610157,-0.1044089719653129,0.9999911189079284,3
25,left knee,-0.0018809747416526,0.3989647924900055,0.1878628879785537,0.4362027049064636,3
26,right knee,-0.0045446460135281,0.3220772743225097,-0.0740942880511283,0.9623172879219056,3
27,left ankle,-0.1115032732486724,0.7163967490196228,0.3081770539283752,0.8050212860107422,3
28,right ankle,-0.1863014101982116,0.6855227947235107,0.0760691538453102,0.977980613708496,3
29,left heel,-0.1370124965906143,0.7534376382827759,0.3289923965930938,0.8338465094566345,3
30,right heel,-0.1991769224405288,0.7158191800117493,0.0532862171530723,0.8604002594947815,3
31,left foot index,-0.0326549932360649,0.7772061228752136,0.332529217004776,0.906086802482605,3
32,right foot index,-0.0956458151340484,0.7369844317436218,-0.0141761042177677,0.9706791639328004,3
11,left shoulder,0.082514151930809,-0.4760214984416961,0.0371738374233245,0.999935746192932,4
12,right shoulder,-0.0765663981437683,-0.5420502424240112,-0.1607511341571808,0.9999954700469972,4
13,left elbow,0.053192600607872,-0.2526678740978241,0.121811956167221,0.0254326649010181,4
14,right elbow,-0.2354864925146103,-0.2749527394771576,-0.2487239241600036,0.9947026371955872,4
15,left wrist,0.1219349130988121,-0.0587593503296375,0.1513399481773376,0.0520969443023204,4
16,right wrist,-0.1314264237880706,-0.1496841311454773,-0.297586053609848,0.9731011390686036,4
23,left hip,0.0441886931657791,0.005747677758336,0.1059520170092582,0.9999752640724182,4
24,right hip,-0.0422427617013454,-0.0098890932276844,-0.1042746901512146,0.9999907612800598,4
25,left knee,-0.0204163044691085,0.3923661112785339,0.1829514354467392,0.4349922835826874,4
26,right knee,0.0231356769800186,0.3228484392166137,-0.1124798581004142,0.9637367129325868,4
27,left ankle,-0.1303661465644836,0.7157704830169678,0.3026147186756134,0.8088969588279724,4
28,right ankle,-0.1903867721557617,0.6732321381568909,0.0537779256701469,0.9776713252067566,4
29,left heel,-0.1570467203855514,0.7531670331954956,0.3236460983753204,0.8378695249557495,4
30,right heel,-0.2090068459510803,0.7009541988372803,0.0347299389541149,0.8605676293373108,4
31,left foot index,-0.0580725260078907,0.7798298001289368,0.3294316530227661,0.906777799129486,4
32,right foot index,-0.1240088641643524,0.7363728880882263,-0.0154204610735178,0.9703142046928406,4
11,left shoulder,0.0878321304917335,-0.4718196392059326,0.026261456310749,0.9999379515647888,5
12,right shoulder,-0.0764899477362632,-0.535141110420227,-0.1638330370187759,0.9999953508377076,5
13,left elbow,0.0637513771653175,-0.2402783781290054,0.1090794205665588,0.0279151368886232,5
14,right elbow,-0.2332170754671096,-0.2694044709205627,-0.2550978362560272,0.9947392344474792,5
15,left wrist,0.1259144097566604,-0.0094444025307893,0.1417901366949081,0.0564208105206489,5
16,right wrist,-0.1316525638103485,-0.1457843780517578,-0.3127521872520447,0.9743316769599916,5
23,left hip,0.0440075695514678,0.0055957920849323,0.1055909171700477,0.9999744296073914,5
24,right hip,-0.0420255362987518,-0.0098249241709709,-0.1038996428251266,0.9999903440475464,5
25,left knee,-0.0271836407482624,0.3887077569961548,0.1876349598169326,0.4208254218101501,5
26,right knee,0.0379192270338535,0.3212655782699585,-0.1142969951033592,0.9642956256866456,5
27,left ankle,-0.1229149252176284,0.7134349942207336,0.3199147582054138,0.8015474677085876,5
28,right ankle,-0.1791573911905288,0.6756976842880249,0.0202503222972154,0.9775059223175048,5
29,left heel,-0.1479831039905548,0.7514000535011292,0.3424049019813537,0.8314876556396484,5
30,right heel,-0.2027883529663086,0.7039602994918823,-0.002555149141699,0.8593116402626038,5
31,left foot index,-0.0550679117441177,0.781774640083313,0.3472208678722381,0.902747392654419,5
32,right foot index,-0.1177193522453308,0.7492411732673645,-0.057880625128746,0.9704130291938782,5
11,left shoulder,0.088526427745819,-0.4723251461982727,0.0268991254270076,0.9999350905418396,6
12,right shoulder,-0.0763955414295196,-0.5338237881660461,-0.1642093807458877,0.9999950528144836,6
13,left elbow,0.0666477903723716,-0.2510196268558502,0.1090859696269035,0.0271956101059913,6
14,right elbow,-0.2336261123418808,-0.2636871635913849,-0.2520306408405304,0.994658887386322,6
15,left wrist,0.1273908615112304,-0.0799438878893852,0.1284592747688293,0.0540197640657424,6
16,right wrist,-0.1319000273942947,-0.129906952381134,-0.3008216321468353,0.97381854057312,6
23,left hip,0.0433100275695323,0.0055706952698528,0.1057414561510086,0.9999746084213256,6
24,right hip,-0.0411702319979667,-0.0098163951188325,-0.1041135936975479,0.9999905228614808,6
25,left knee,-0.026004483923316,0.3892338573932647,0.1847827583551406,0.4345415830612182,6
26,right knee,0.0811852067708969,0.3206614255905151,-0.1296292543411255,0.966786563396454,6
27,left ankle,-0.1350683718919754,0.7170968055725098,0.3166368901729584,0.812160313129425,6
28,right ankle,-0.1203978210687637,0.6930060982704163,-0.018429497256875,0.9791041016578674,6
29,left heel,-0.1614992171525955,0.7549821734428406,0.3385614454746246,0.8393409848213196,6
30,right heel,-0.1390951573848724,0.7250863909721375,-0.044423907995224,0.867580235004425,6
31,left foot index,-0.0673931464552879,0.7904284000396729,0.3425082266330719,0.9076150059700012,6
32,right foot index,-0.0461712181568145,0.7729384303092957,-0.1121490448713302,0.972432017326355,6
11,left shoulder,0.085370160639286,-0.4722852706909179,0.0285150669515132,0.9999313354492188,7
12,right shoulder,-0.0727001503109932,-0.5342648029327393,-0.1640945225954055,0.999994933605194,7
13,left elbow,0.0523898229002952,-0.2523425817489624,0.1099467799067497,0.0256066974252462,7
14,right elbow,-0.2290671616792678,-0.2640817761421203,-0.251725435256958,0.994472324848175,7
15,left wrist,0.1233709752559661,-0.0790527462959289,0.1307147741317749,0.050427746027708,7
16,right wrist,-0.126313254237175,-0.1279746443033218,-0.3011713624000549,0.9729217290878296,7
23,left hip,0.0392347462475299,0.0052889976650476,0.1058193147182464,0.9999754428863524,7
24,right hip,-0.0369835309684276,-0.0095434468239545,-0.1041845828294754,0.999990940093994,7
25,left knee,-0.0277490764856338,0.3894432187080383,0.1897641867399215,0.4538887739181518,7
26,right knee,0.0982459262013435,0.3201876282691955,-0.1188501194119453,0.9692620038986206,7
27,left ankle,-0.1371888071298599,0.7172734141349792,0.3242064118385315,0.8244227170944214,7
28,right ankle,-0.0720511451363563,0.6938650012016296,-0.00666876276955,0.9807398319244384,7
29,left heel,-0.1635570526123047,0.7551432847976685,0.3462407290935516,0.849306046962738,7
30,right heel,-0.0857686027884483,0.7259846329689026,-0.0334090404212474,0.8770366907119751,7
31,left foot index,-0.067372590303421,0.7902554273605347,0.3501164615154266,0.91353178024292,7
32,right foot index,0.013939656317234,0.7697322368621826,-0.0987469628453254,0.974538266658783,7
11,left shoulder,0.0821021720767021,-0.472989022731781,0.046398002654314,0.9999301433563232,8
12,right shoulder,-0.0698785334825515,-0.5346232056617737,-0.1562945246696472,0.9999949932098388,8
13,left elbow,0.0468910634517669,-0.2705264091491699,0.1306607872247696,0.024654658511281,8
14,right elbow,-0.2247453927993774,-0.2636682093143463,-0.2392381727695465,0.9943755865097046,8
15,left wrist,0.1191374137997627,-0.1185531318187713,0.1581866592168808,0.047592744231224,8
16,right wrist,-0.1234883069992065,-0.1228652745485305,-0.2839518785476684,0.9720380306243896,8
23,left hip,0.0366933718323707,0.0052803615108132,0.1069934889674186,0.9999767541885376,8
24,right hip,-0.0343300774693489,-0.0095415897667407,-0.1054701507091522,0.9999914765357972,8
25,left knee,-0.0254993494600057,0.3994109630584717,0.1835174858570099,0.4745324850082397,8
26,right knee,0.1050043255090713,0.3207901418209076,-0.1237736046314239,0.97159081697464,8
27,left ankle,-0.1445927172899246,0.7191491723060608,0.3104428648948669,0.8334943056106567,8
28,right ankle,-0.0246813111007213,0.7079792618751526,-0.033947929739952,0.982297956943512,8
29,left heel,-0.1722333133220672,0.7561391592025757,0.3308340311050415,0.8570810556411743,8
30,right heel,-0.0322941355407238,0.7418346405029297,-0.0638307482004165,0.8864670991897583,8
31,left foot index,-0.0740739926695823,0.7891974449157715,0.3344880938529968,0.9177160859107972,8
32,right foot index,0.0730727463960647,0.7676407098770142,-0.1351138651371002,0.9764983654022216,8
11,left shoulder,0.0793565809726715,-0.4731335341930389,0.0606858693063259,0.9999312162399292,9
12,right shoulder,-0.0697185769677162,-0.5348496437072754,-0.1494930982589721,0.9999951720237732,9
13,left elbow,0.0459659434854984,-0.2678453028202057,0.1352692991495132,0.0239928439259529,9
14,right elbow,-0.2211500108242035,-0.2615980207920074,-0.2312685251235962,0.9943825602531432,9
15,left wrist,0.1108775213360786,-0.0871688574552536,0.1579859107732772,0.0446550957858562,9
16,right wrist,-0.1191810369491577,-0.1226979792118072,-0.2730211317539215,0.9725353121757508,9
23,left hip,0.035957895219326,0.0051987930200994,0.1081094071269035,0.999978005886078,9
24,right hip,-0.0335805155336856,-0.0094770081341266,-0.1066485419869422,0.9999920129776,9
25,left knee,-0.0240539852529764,0.4006385803222656,0.180545687675476,0.4921365678310394,9
26,right knee,0.1065110713243484,0.3197610080242157,-0.1234975233674049,0.973559319972992,9
27,left ankle,-0.1764441281557083,0.7119197845458984,0.3008075654506683,0.8392894864082336,9
28,right ankle,0.0228491052985191,0.7181745767593384,-0.0349331460893154,0.9836670756340028,9
29,left heel,-0.2081309109926223,0.746941328048706,0.3203110098838806,0.8631277084350586,9
30,right heel,0.0211833082139492,0.7533920407295227,-0.065540038049221,0.8952167630195618,9
31,left foot index,-0.1147590354084968,0.7745370268821716,0.3212121725082397,0.9205281734466552,9
32,right foot index,0.1300006955862045,0.7670480012893677,-0.1424693316221237,0.9781989455223083,9
11,left shoulder,0.0795861706137657,-0.473550409078598,0.0681629031896591,0.9999311566352844,10
12,right shoulder,-0.0665099397301673,-0.5350719690322876,-0.144690990447998,0.9999952912330629,10
13,left elbow,0.0452878847718238,-0.2705884575843811,0.1351756602525711,0.024079080671072,10
14,right elbow,-0.2184426486492157,-0.2617139518260956,-0.224851980805397,0.9943180084228516,10
15,left wrist,0.1071598976850509,-0.0967550724744796,0.1430179178714752,0.0424229800701141,10
16,right wrist,-0.1144295632839202,-0.1236645057797432,-0.2634096443653106,0.9720529317855836,10
23,left hip,0.0355228222906589,0.0050061400979757,0.110044777393341,0.9999796152114868,10
24,right hip,-0.0331420674920082,-0.0093084098771214,-0.1086950078606605,0.9999926686286926,10
25,left knee,-0.0195034705102443,0.4005833268165588,0.1870592534542083,0.5200120210647583,10
26,right knee,0.1305765211582183,0.3125383853912353,-0.1500761210918426,0.976034700870514,10
27,left ankle,-0.1752004772424698,0.6923730373382568,0.3349301218986511,0.8484755754470825,10
28,right ankle,0.0987243428826332,0.7218310236930847,-0.0934992954134941,0.9852252006530762,10
29,left heel,-0.2079799622297287,0.7250900268554688,0.3571511507034302,0.8710801005363464,10
30,right heel,0.1015077084302902,0.7578222751617432,-0.1260774433612823,0.9050706028938292,10
31,left foot index,-0.122591532766819,0.7536538243293762,0.3623641729354858,0.9245896935462952,10
32,right foot index,0.2065667659044265,0.7634385228157043,-0.2102350294589996,0.9802320599555968,10
11,left shoulder,0.0738063007593154,-0.4738683104515075,0.0666473060846328,0.9999329447746276,11
12,right shoulder,-0.0637699663639068,-0.5352499485015869,-0.1451810151338577,0.9999953508377076,11
13,left elbow,0.0343472212553024,-0.2703518867492676,0.1346844583749771,0.0247840415686368,11
14,right elbow,-0.2152690291404724,-0.2619974017143249,-0.2275822013616562,0.9940653443336488,11
15,left wrist,0.0956754609942436,-0.0945539399981498,0.1401784867048263,0.0406321734189987,11
16,right wrist,-0.1115321666002273,-0.1255695670843124,-0.26646289229393,0.9697952270507812,11
23,left hip,0.033424474298954,0.0043819234706461,0.1118878126144409,0.9999812841415404,11
24,right hip,-0.0310540627688169,-0.0087313186377286,-0.1105614602565765,0.9999933242797852,11
25,left knee,-0.013793034479022,0.4005056023597717,0.213270679116249,0.5442468523979187,11
26,right knee,0.1442161798477172,0.3046122789382934,-0.1559945195913314,0.9783066511154176,11
27,left ankle,-0.1725559830665588,0.6755208373069763,0.3905162215232849,0.8568042516708374,11
28,right ankle,0.1596583724021911,0.7200929522514343,-0.1064042598009109,0.986645758152008,11
29,left heel,-0.2049580663442611,0.7070093750953674,0.4159305989742279,0.8787227272987366,11
30,right heel,0.1684076339006424,0.7569152116775513,-0.1392250955104828,0.9141250252723694,11
31,left foot index,-0.1182780712842941,0.7332096099853516,0.4273823797702789,0.9278746247291564,11
32,right foot index,0.2773174941539764,0.7410194277763367,-0.2213504910469055,0.9820842742919922,11
11,left shoulder,0.0566310696303844,-0.4692256152629852,0.0663565844297409,0.9999319911003112,12
12,right shoulder,-0.0658101439476013,-0.534930408000946,-0.1456098705530166,0.9999951720237732,12
13,left elbow,0.0231150574982166,-0.2505705952644348,0.1345480978488922,0.0238507036119699,12
14,right elbow,-0.2158150374889373,-0.2622647583484649,-0.2281496226787567,0.9929836392402648,12
15,left wrist,0.0814741849899292,-0.0506207086145877,0.1407734602689743,0.0374157018959522,12
16,right wrist,-0.1120442673563957,-0.1258651912212371,-0.2677340805530548,0.9628013372421264,12
23,left hip,0.0307771395891904,0.0041308249346911,0.1126417890191078,0.99998277425766,12
24,right hip,-0.0284191220998764,-0.0084611363708972,-0.1113091856241226,0.999993860721588,12
25,left knee,0.000334207288688,0.4009914994239807,0.215534895658493,0.5552818179130554,12
26,right knee,0.1600805819034576,0.3023906648159027,-0.153477057814598,0.9802215695381165,12
27,left ankle,-0.1838112920522689,0.6535947322845459,0.3925181925296783,0.8601420521736145,12
28,right ankle,0.1996674835681915,0.7098413705825806,-0.0955798402428627,0.9878798723220824,12
29,left heel,-0.2190861999988556,0.6826539635658264,0.4180803596973419,0.8833548426628113,12
30,right heel,0.2106167525053024,0.7455855011940002,-0.1277312785387039,0.9220888018608092,12
31,left foot index,-0.1355721354484558,0.7115445137023926,0.4304563701152801,0.9276904463768004,12
32,right foot index,0.3186318576335907,0.7166084051132202,-0.2079068571329116,0.983634114265442,12
11,left shoulder,0.0506644397974014,-0.4694164097309112,0.0660318210721015,0.999931812286377,13
12,right shoulder,-0.0658677443861961,-0.5349218845367432,-0.1463424116373062,0.9999950528144836,13
13,left elbow,0.0255545601248741,-0.2513011991977691,0.1317739188671112,0.0235710274428129,13
14,right elbow,-0.215367242693901,-0.2628202140331268,-0.2286223024129867,0.9923740029335022,13
15,left wrist,0.0841016992926597,-0.0545657761394977,0.1332503706216812,0.0349185355007648,13
16,right wrist,-0.1115437820553779,-0.1273763477802276,-0.2657643854618072,0.9588788747787476,13
23,left hip,0.0269663967192173,0.0036745211109519,0.1134248226881027,0.9999841451644896,13
24,right hip,-0.0247252713888883,-0.0079831751063466,-0.1121169403195381,0.9999943971633912,13
25,left knee,0.0064912931993603,0.3971436321735382,0.2164178490638733,0.5691590905189514,13
26,right knee,0.1817658543586731,0.3014940619468689,-0.1491673439741134,0.9819622039794922,13
27,left ankle,-0.209838181734085,0.6123438477516174,0.3938322067260742,0.860495924949646,13
28,right ankle,0.2420571744441986,0.7005355954170227,-0.0777816325426101,0.9889974594116212,13
29,left heel,-0.2486310601234436,0.6379066705703735,0.4202301502227783,0.8875807523727417,13
30,right heel,0.255642831325531,0.7348197102546692,-0.1088043376803398,0.9294124245643616,13
31,left foot index,-0.1708657145500183,0.6755781769752502,0.4390505254268646,0.9261098504066468,13
32,right foot index,0.3703446686267853,0.697553277015686,-0.1867195218801498,0.9850298762321472,13
11,left shoulder,0.0480542778968811,-0.4694998562335968,0.06734249740839,0.9999332427978516,14
12,right shoulder,-0.0654236823320388,-0.5364627838134766,-0.1464897990226745,0.999995231628418,14
13,left elbow,0.0102036697790026,-0.2546611130237579,0.1346756070852279,0.0234325192868709,14
14,right elbow,-0.215207427740097,-0.2690389454364776,-0.2272625565528869,0.992424249649048,14
15,left wrist,0.0821483135223388,-0.0878922790288925,0.1418578922748565,0.0332083739340305,14
16,right wrist,-0.1058912649750709,-0.1318211853504181,-0.2561608254909515,0.9582152962684632,14
23,left hip,0.0237659998238086,0.0034102525096386,0.1148780286312103,0.9999855160713196,14
24,right hip,-0.0217111501842737,-0.0076352320611476,-0.1136352568864822,0.999994933605194,14
25,left knee,0.0460714846849441,0.3905230164527893,0.2206213772296905,0.5980123281478882,14
26,right knee,0.2113320976495742,0.2984912693500519,-0.1309627443552017,0.9836697578430176,14
27,left ankle,-0.2151097506284713,0.5661415457725525,0.4002163112163543,0.8634170889854431,14
28,right ankle,0.2782872021198272,0.6908576488494873,-0.0598276145756244,0.99005126953125,14
29,left heel,-0.2592737674713135,0.5869072675704956,0.4279778897762298,0.8932216167449951,14
30,right heel,0.2914125323295593,0.7237518429756165,-0.0894832760095596,0.9362624883651732,14
31,left foot index,-0.1898178458213806,0.6379820704460144,0.4614093899726867,0.9266490936279296,14
32,right foot index,0.4184310138225555,0.681634783744812,-0.1497877389192581,0.9864073991775512,14
11,left shoulder,0.0373808890581131,-0.469618409872055,0.0816114395856857,0.9999299645423888,15
12,right shoulder,-0.0624049343168735,-0.5343525409698486,-0.144860491156578,0.9999951720237732,15
13,left elbow,-0.0099345343187451,-0.2781095504760742,0.1704070717096328,0.0220692139118909,15
14,right elbow,-0.2140466868877411,-0.2697378695011139,-0.2205766141414642,0.992013156414032,15
15,left wrist,0.0651833489537239,-0.1285203844308853,0.2198045551776886,0.0303910318762063,15
16,right wrist,-0.1013159975409507,-0.1318535804748535,-0.2246244847774505,0.9458808302879332,15
23,left hip,0.0184645894914865,0.003206878202036,0.11731518805027,0.9999868273735046,15
24,right hip,-0.0164967831224203,-0.0073956013657152,-0.1160678714513778,0.9999954104423524,15
25,left knee,0.0621064230799675,0.3860568106174469,0.2148770242929458,0.6104588508605957,15
26,right knee,0.2437518835067749,0.2916312217712402,-0.1386248767375946,0.9851521253585817,15
27,left ankle,-0.2246415317058563,0.5284121036529541,0.3934634029865265,0.8507000803947449,15
28,right ankle,0.2973982095718384,0.6865255832672119,-0.0771363899111747,0.9909679293632508,15
29,left heel,-0.2717146277427673,0.5455813407897949,0.4217002093791961,0.8911459445953369,15
30,right heel,0.309174120426178,0.7204463481903076,-0.1074089780449867,0.9422656297683716,15
31,left foot index,-0.2056211084127426,0.5967509150505066,0.4573672711849212,0.9159792065620422,15
32,right foot index,0.4426373243331909,0.6804575324058533,-0.1699281334877014,0.987554967403412,15
11,left shoulder,0.036400519311428,-0.4699691236019134,0.0869489088654518,0.9999237060546876,16
12,right shoulder,-0.0681037381291389,-0.5338723659515381,-0.1373741328716278,0.9999948143959044,16
13,left elbow,-0.0099486103281378,-0.2888112962245941,0.1952985376119613,0.0207116398960351,16
14,right elbow,-0.214178055524826,-0.2701966166496277,-0.2088313400745391,0.9908205270767212,16
15,left wrist,0.0623651631176471,-0.155715063214302,0.274669736623764,0.0277722664177417,16
16,right wrist,-0.1004092916846275,-0.1319629997014999,-0.208648681640625,0.9271712899208068,16
23,left hip,0.018656013533473,0.0025762864388525,0.1180138364434242,0.9999879002571106,16
24,right hip,-0.0166914723813533,-0.0067376005463302,-0.1166900917887687,0.9999958276748656,16
25,left knee,0.0620982386171817,0.370612233877182,0.2135656327009201,0.6185534000396729,16
26,right knee,0.25583016872406,0.2718168199062347,-0.1551483720541,0.9864899516105652,16
27,left ankle,-0.2348428070545196,0.487336128950119,0.3999813199043274,0.8380358219146729,16
28,right ankle,0.299093633890152,0.6770437955856323,-0.1055923402309417,0.9917991161346436,16
29,left heel,-0.2835808098316192,0.5022284984588623,0.4294282495975494,0.8886070251464844,16
30,right heel,0.309084415435791,0.7127496600151062,-0.1366234123706817,0.9476978182792664,16
31,left foot index,-0.2269784212112426,0.548430860042572,0.4653355181217193,0.9069138169288636,16
32,right foot index,0.440615564584732,0.6770790219306946,-0.2062951028347015,0.9886207580566406,16
11,left shoulder,0.0375632792711257,-0.4718143045902252,0.0857628658413887,0.9999138712882996,17
12,right shoulder,-0.0715715661644935,-0.531182587146759,-0.136659950017929,0.9999940991401672,17
13,left elbow,-0.0090092932805418,-0.299649029970169,0.1869280785322189,0.0196361318230628,17
14,right elbow,-0.2181270271539688,-0.2693281173706054,-0.2091343402862548,0.9888964891433716,17
15,left wrist,0.0665416717529296,-0.1684756875038147,0.2479457110166549,0.0255246181041002,17
16,right wrist,-0.1002552956342697,-0.1300795823335647,-0.2099501937627792,0.9006267786026001,17
23,left hip,0.0190244223922491,0.0020158931147307,0.118650808930397,0.9999885559082032,17
24,right hip,-0.0170391630381345,-0.006133469287306,-0.1172474026679992,0.9999961256980896,17
25,left knee,0.0556534565985202,0.3690057694911957,0.2101350426673889,0.612368106842041,17
26,right knee,0.2798628509044647,0.2425815463066101,-0.1782334893941879,0.9875988960266112,17
27,left ankle,-0.2398514598608017,0.4655144512653351,0.4017007052898407,0.814025342464447,17
28,right ankle,0.2832530438899994,0.6685985326766968,-0.1195994615554809,0.992489218711853,17
29,left heel,-0.2885792553424835,0.4788395762443542,0.4320154190063476,0.8792999386787415,17
30,right heel,0.2879871428012848,0.7070351839065552,-0.1481575518846511,0.9522904753684998,17
31,left foot index,-0.241999551653862,0.5260248184204102,0.4684819877147674,0.8886425495147705,17
32,right foot index,0.4161059558391571,0.6833780407905579,-0.2160028666257858,0.9894356727600098,17
11,left shoulder,0.0385442189872264,-0.4709319174289703,0.114032931625843,0.9999010562896729,18
12,right shoulder,-0.0727129057049751,-0.5257013440132141,-0.1212720870971679,0.9999936819076538,18
13,left elbow,-0.0062528704293072,-0.289127379655838,0.1817791163921356,0.0185235273092985,18
14,right elbow,-0.2182132303714752,-0.2545090019702911,-0.1849850714206695,0.986877143383026,18
15,left wrist,0.0691013857722282,-0.1541808545589447,0.1502548307180404,0.0235041100531816,18
16,right wrist,-0.098787747323513,-0.1205667331814765,-0.1689764708280563,0.8836967349052429,18
23,left hip,0.020023874938488,0.0019524748204275,0.1191720142960548,0.9999893307685852,18
24,right hip,-0.0178377870470285,-0.0060359826311469,-0.1176887154579162,0.9999964237213136,18
25,left knee,0.0613120906054973,0.3672036826610565,0.176115795969963,0.6260122060775757,18
26,right knee,0.2914043664932251,0.2152079939842224,-0.1909339725971222,0.9886849522590636,18
27,left ankle,-0.2390380054712295,0.4247850179672241,0.3727690577507019,0.80484938621521,18
28,right ankle,0.2799465358257293,0.6592928171157837,-0.115669384598732,0.9931679964065552,18
29,left heel,-0.2894425988197326,0.4342805743217468,0.4042697846889496,0.8732596039772034,18
30,right heel,0.2823120653629303,0.6999812126159668,-0.1430226862430572,0.9565852284431458,18
31,left foot index,-0.2652237117290497,0.5027486681938171,0.4462234675884247,0.8834782838821411,18
32,right foot index,0.4050590395927429,0.686832845211029,-0.212749183177948,0.990311563014984,18
11,left shoulder,0.0404339618980884,-0.4696938097476959,0.1088929623365402,0.99989253282547,19
12,right shoulder,-0.0735072940587997,-0.5208355188369751,-0.1231602430343627,0.9999932050704956,19
13,left elbow,0.006686741951853,-0.2817239165306091,0.1497358083724975,0.0176650043576955,19
14,right elbow,-0.2188168168067932,-0.2475713491439819,-0.1864850670099258,0.9843094944953918,19
15,left wrist,0.0706592500209808,-0.1466078907251358,0.079909011721611,0.0220122300088405,19
16,right wrist,-0.0983121171593666,-0.1164037138223648,-0.171812042593956,0.8646224141120911,19
23,left hip,0.020261101424694,0.0017736210720613,0.1193193420767784,0.9999898672103882,19
24,right hip,-0.0179795399308204,-0.0058140521869063,-0.1177820861339569,0.9999966621398926,19
25,left knee,0.058157879859209,0.3684280216693878,0.1753367334604263,0.62175053358078,19
26,right knee,0.2926023006439209,0.1955354511737823,-0.1870536506175995,0.9895318150520324,19
27,left ankle,-0.2373119443655014,0.4062150418758392,0.3936224281787872,0.7743086218833923,19
28,right ankle,0.2656586766242981,0.6395075917243958,-0.1064413860440254,0.993708074092865,19
29,left heel,-0.2863071262836456,0.4130467474460602,0.4280799925327301,0.8532708287239075,19
30,right heel,0.2661921977996826,0.6803392767906189,-0.1349447518587112,0.9600811004638672,19
31,left foot index,-0.270277202129364,0.4823752343654632,0.4735403060913086,0.8637824654579163,19
32,right foot index,0.3860658705234527,0.6836202144622803,-0.2101062685251236,0.9909570813179016,19
11,left shoulder,0.0503584444522857,-0.472011387348175,0.1063795760273933,0.9998846650123596,20
12,right shoulder,-0.0706340745091438,-0.5213879346847534,-0.1230007782578468,0.9999930262565612,20
13,left elbow,0.0185392033308744,-0.2817919850349426,0.1384723633527755,0.0168234966695308,20
14,right elbow,-0.2183145135641098,-0.2460997998714447,-0.1862635165452957,0.9819816946983336,20
15,left wrist,0.0804448574781417,-0.1454842239618301,0.0721341222524643,0.0207056831568479,20
16,right wrist,-0.0972753092646598,-0.1109949126839637,-0.1713612675666809,0.8517656326293945,20
23,left hip,0.020508112385869,0.0019098037155345,0.1192240938544273,0.9999902248382568,20
24,right hip,-0.0181537382304668,-0.0059037306345999,-0.1175839975476265,0.9999969005584716,20
25,left knee,0.0558149106800556,0.3900590240955353,0.1604083925485611,0.6242520213127136,20
26,right knee,0.3032582998275757,0.1598940342664718,-0.1810928136110305,0.990208387374878,20
27,left ankle,-0.2379654645919799,0.3795274198055267,0.3934889435768127,0.741662323474884,20
28,right ankle,0.2602998316287994,0.6080089211463928,-0.0823844745755195,0.9941158294677734,20
29,left heel,-0.2874332666397095,0.3789549171924591,0.4283254742622375,0.8297200202941895,20
30,right heel,0.2591190338134765,0.6494698524475098,-0.1040516048669815,0.9628393054008484,20
31,left foot index,-0.2973886430263519,0.4512756168842315,0.4765893518924713,0.8435593247413635,20
32,right foot index,0.3749827146530151,0.6748857498168945,-0.1555651426315307,0.9914134740829468,20
11,left shoulder,0.0625282302498817,-0.47313192486763,0.1043561026453971,0.9998714327812196,21
12,right shoulder,-0.0671954154968261,-0.5217798948287964,-0.1195711642503738,0.9999926686286926,21
13,left elbow,0.0214421432465314,-0.2813630104064941,0.1364616900682449,0.0157310664653778,21
14,right elbow,-0.2181244641542434,-0.2463226616382599,-0.172033280134201,0.9789170026779176,21
15,left wrist,0.0812571868300437,-0.1416831612586975,0.0856446847319603,0.0190509557723999,21
16,right wrist,-0.0967781171202659,-0.1112359389662742,-0.1372541487216949,0.834851861000061,21
23,left hip,0.0215644147247076,0.0020055184140801,0.1184712424874305,0.999990463256836,21
24,right hip,-0.0190291889011859,-0.0059351846575737,-0.1167246401309967,0.999997079372406,21
25,left knee,0.0547117851674556,0.3932776153087616,0.1450100243091583,0.6314738392829895,21
26,right knee,0.3060030043125152,0.1428291797637939,-0.1777862012386322,0.9906955361366272,21
27,left ankle,-0.2394212931394577,0.3500972390174866,0.3817583918571472,0.7141388654708862,21
28,right ankle,0.2530942857265472,0.589294970035553,-0.055582445114851,0.9944123029708862,21
29,left heel,-0.2897182703018188,0.3452761471271515,0.4181554913520813,0.8077036142349243,21
30,right heel,0.2507921159267425,0.6299588680267334,-0.0740588530898094,0.9650073647499084,21
31,left foot index,-0.3131524622440338,0.4173696339130401,0.4698705375194549,0.8264979124069214,21
32,right foot index,0.3664277493953705,0.662274956703186,-0.1170277819037437,0.991707980632782,21
11,left shoulder,0.0659710466861724,-0.4756481051445007,0.1026666238903999,0.9998481273651124,22
12,right shoulder,-0.0605454444885253,-0.5214172005653381,-0.1201158389449119,0.9999921917915344,22
13,left elbow,0.0101436665281653,-0.2838527858257293,0.1369853019714355,0.0144715132191777,22
14,right elbow,-0.2182539701461792,-0.2471941858530044,-0.1673269569873809,0.9756578207015992,22
15,left wrist,0.0725037902593612,-0.1389804482460022,0.0943077579140663,0.0172509551048278,22
16,right wrist,-0.096155472099781,-0.1120996922254562,-0.1135224923491478,0.8083073496818542,22
23,left hip,0.0220363494008779,0.0020002031233161,0.1184478625655174,0.9999908208847046,22
24,right hip,-0.0194146241992712,-0.0059288162738084,-0.1167014241218566,0.9999973177909852,22
25,left knee,0.0488516204059124,0.3950028717517853,0.1450399905443191,0.6268606781959534,22
26,right knee,0.3163564801216125,0.1216616481542587,-0.2066110670566558,0.9909696578979492,22
27,left ankle,-0.2479405254125595,0.3372021019458771,0.3812553286552429,0.6795250773429871,22
28,right ankle,0.2513473927974701,0.5574779510498047,-0.0624056048691272,0.9944907426834106,22
29,left heel,-0.2991126179695129,0.3305920362472534,0.4175527095794678,0.7796992063522339,22
30,right heel,0.247250035405159,0.5965908765792847,-0.0754581019282341,0.9661197662353516,22
31,left foot index,-0.327610433101654,0.4014675915241241,0.4647955596446991,0.7987775802612305,22
32,right foot index,0.3618107438087463,0.6294744610786438,-0.1272709667682647,0.99158775806427,22
11,left shoulder,0.0667077079415321,-0.4760977029800415,0.1017005071043968,0.9998298287391664,23
12,right shoulder,-0.0544609352946281,-0.5202218294143677,-0.1207669228315353,0.9999919533729552,23
13,left elbow,-0.0068979053758084,-0.2906607985496521,0.1517175734043121,0.013296365737915,23
14,right elbow,-0.2182041555643081,-0.2475279718637466,-0.1707946509122848,0.9731305241584778,23
15,left wrist,0.0585475079715251,-0.1479042172431945,0.1697790771722793,0.0156063130125403,23
16,right wrist,-0.0942400991916656,-0.1127050817012786,-0.1154785975813865,0.7828439474105835,23
23,left hip,0.0222255587577819,0.0020255984272807,0.1184331029653549,0.999991238117218,23
24,right hip,-0.0196196548640728,-0.0059541212394833,-0.1166848540306091,0.9999974966049194,23
25,left knee,0.0338380113244056,0.3978698849678039,0.139546200633049,0.6219886541366577,23
26,right knee,0.3201845288276672,0.100645862519741,-0.2174349725246429,0.991110384464264,23
27,left ankle,-0.2574017941951751,0.3236089050769806,0.380849689245224,0.6458181142807007,23
28,right ankle,0.2481025010347366,0.5270887017250061,-0.0661482438445091,0.9944802522659302,23
29,left heel,-0.3089581429958343,0.3148714303970337,0.4168941676616668,0.7516684532165527,23
30,right heel,0.2440283894538879,0.5656169652938843,-0.0763885900378227,0.9667298197746276,23
31,left foot index,-0.3391011357307434,0.388091892004013,0.4632224142551422,0.7698768973350525,23
32,right foot index,0.3589165508747101,0.6047098636627197,-0.1329286098480224,0.9913427233695984,23
11,left shoulder,0.0680343061685562,-0.4740488827228546,0.1008138805627822,0.9998172521591188,24
12,right shoulder,-0.0404210984706878,-0.5157226324081421,-0.1225883439183235,0.9999918341636658,24
13,left elbow,-0.0179868191480636,-0.2900909781455993,0.1552218198776245,0.0121144466102123,24
14,right elbow,-0.2108284085988998,-0.2444818168878555,-0.1725550591945648,0.9687815308570862,24
15,left wrist,0.0569279864430427,-0.1451604217290878,0.1777245551347732,0.0140922768041491,24
16,right wrist,-0.0873123779892921,-0.1115381345152854,-0.0987881422042846,0.7426263093948364,24
23,left hip,0.0217918008565902,0.0021146598737686,0.1193720772862434,0.9999916553497314,24
24,right hip,-0.0191613007336854,-0.0060114590451121,-0.1176109760999679,0.9999976754188538,24
25,left knee,0.0337863452732563,0.3982649743556976,0.1436425745487213,0.6125458478927612,24
26,right knee,0.3403525650501251,0.0916791558265686,-0.2104122340679168,0.991327166557312,24
27,left ankle,-0.2586218118667602,0.2959328591823578,0.3808205425739288,0.6097978949546814,24
28,right ankle,0.2483369410037994,0.5091655254364014,-0.0619252435863018,0.994463324546814,24
29,left heel,-0.3115131855010986,0.2832069993019104,0.4164282381534576,0.7190912961959839,24
30,right heel,0.2421270012855529,0.5457584857940674,-0.0743965655565261,0.9673088788986206,24
31,left foot index,-0.3569844365119934,0.3533785045146942,0.4656616449356079,0.7382453680038452,24
32,right foot index,0.3583117127418518,0.589043915271759,-0.1139526888728141,0.991108238697052,24
11,left shoulder,0.0754347220063209,-0.4716482758522033,0.1008805707097053,0.999797224998474,25
12,right shoulder,-0.0305956229567527,-0.5160647630691528,-0.1211336851119995,0.9999914169311525,25
13,left elbow,-0.0202594380825757,-0.2841787934303283,0.1553831249475479,0.0110889608040452,25
14,right elbow,-0.2078830301761627,-0.2451219409704208,-0.1680092811584472,0.9623192548751832,25
15,left wrist,0.0547037459909915,-0.1390483528375625,0.1727866977453231,0.0127425976097583,25
16,right wrist,-0.0851472020149231,-0.1114633604884147,-0.0971832945942878,0.7027612924575806,25
23,left hip,0.0218947809189558,0.0025538725312799,0.1195887625217437,0.9999920725822448,25
24,right hip,-0.0192638952285051,-0.0063516432419419,-0.1177920922636985,0.999997854232788,25
25,left knee,0.030937273055315,0.3985502421855926,0.1463282108306884,0.6155910491943359,25
26,right knee,0.335927814245224,0.0760598331689834,-0.2273405194282531,0.9917959570884703,25
27,left ankle,-0.2626593112945556,0.2779515385627746,0.3861678540706634,0.5888400077819824,25
28,right ankle,0.2468083500862121,0.4853678941726684,-0.0653608962893486,0.9946404695510864,25
29,left heel,-0.3159950971603393,0.2634642720222473,0.4223177433013916,0.6980277299880981,25
30,right heel,0.2388774156570434,0.5204623937606812,-0.0750548094511032,0.9685239195823668,25
31,left foot index,-0.3657019436359405,0.3369400799274444,0.4740311205387115,0.7210811376571655,25
32,right foot index,0.3495423495769501,0.5651057958602905,-0.1206024736166,0.991247832775116,25
11,left shoulder,0.0767306312918663,-0.4712536036968231,0.1003974452614784,0.9997824430465698,26
12,right shoulder,-0.0144807342439889,-0.5147320032119751,-0.1208699867129325,0.9999903440475464,26
13,left elbow,-0.0335791744291782,-0.2837501466274261,0.1547825932502746,0.0101335337385535,26
14,right elbow,-0.2033993899822235,-0.2440963089466095,-0.1657554805278778,0.9530192017555236,26
15,left wrist,0.0439699813723564,-0.1382961869239807,0.1697411388158798,0.0115285906940698,26
16,right wrist,-0.0855792090296745,-0.1085226833820343,-0.0949084684252739,0.6588260531425476,26
23,left hip,0.0214319359511137,0.0027774299960583,0.1196760237216949,0.9999924302101136,26
24,right hip,-0.0187274813652038,-0.0065354295074939,-0.1178618520498275,0.9999979734420776,26
25,left knee,0.0247434228658676,0.4025470018386841,0.1414062976837158,0.6003130674362183,26
26,right knee,0.3273530006408691,0.0735582634806633,-0.2314182221889495,0.9917278289794922,26
27,left ankle,-0.2633075416088104,0.2668837010860443,0.3845821321010589,0.5625031590461731,26
28,right ankle,0.2403210401535034,0.4605587720870971,-0.0645421668887138,0.99447762966156,26
29,left heel,-0.3166078925132751,0.2495355010032653,0.421472817659378,0.6721448302268982,26
30,right heel,0.2281978875398636,0.4929249882698059,-0.0754151493310928,0.9683188199996948,26
31,left foot index,-0.3738350570201874,0.3229076266288757,0.4716047644615173,0.6978663206100464,26
32,right foot index,0.3252577483654022,0.5499974489212036,-0.1137977987527847,0.990807831287384,26
11,left shoulder,0.0964669063687324,-0.4686548709869385,0.1051255911588668,0.9997759461402892,27
12,right shoulder,-0.0203194916248321,-0.5147396922111511,-0.1071818023920059,0.9999902844429016,27
13,left elbow,-0.0087882876396179,-0.2812809348106384,0.1580593734979629,0.0094628101214766,27
14,right elbow,-0.2035776525735855,-0.243412435054779,-0.1506440490484237,0.9492402076721193,27
15,left wrist,0.045064490288496,-0.1306538134813308,0.1677431762218475,0.0104984482750296,27
16,right wrist,-0.0885611101984977,-0.1020140573382377,-0.0908851027488708,0.6400371789932251,27
23,left hip,0.0251583456993103,0.0035894725006073,0.1196022108197212,0.999992847442627,27
24,right hip,-0.022400327026844,-0.0071805599145591,-0.1177310198545456,0.999998152256012,27
25,left knee,0.0175431240350008,0.4063882827758789,0.1346585005521774,0.6151217222213745,27
26,right knee,0.3216637372970581,0.0593959838151931,-0.2616467177867889,0.992326319217682,27
27,left ankle,-0.2629585266113281,0.2582050561904907,0.3865223824977875,0.5548607707023621,27
28,right ankle,0.2353154122829437,0.4471247792243957,-0.0869699269533157,0.994757890701294,27
29,left heel,-0.3158903419971466,0.2400998473167419,0.4239237606525421,0.6611574292182922,27
30,right heel,0.2217985242605209,0.4798203110694885,-0.0966411679983139,0.9699019193649292,27
31,left foot index,-0.3747446238994598,0.3097858130931854,0.4725865721702575,0.6939721703529358,27
32,right foot index,0.3190396130084991,0.532909631729126,-0.1335395574569702,0.991244375705719,27
11,left shoulder,0.0933528468012809,-0.4638074040412903,0.1070346012711525,0.999774158000946,28
12,right shoulder,-0.0229978933930397,-0.5131392478942871,-0.1058108657598495,0.9999900460243224,28
13,left elbow,-0.0047245868481695,-0.2633955776691437,0.1541183441877365,0.0088227791711688,28
14,right elbow,-0.2041058540344238,-0.237269327044487,-0.1475357264280319,0.9421518445014954,28
15,left wrist,0.047825988382101,-0.0874187871813774,0.1324499696493148,0.0095680886879563,28
16,right wrist,-0.0909096598625183,-0.0900125652551651,-0.0963945016264915,0.6219733953475952,28
23,left hip,0.0256386883556842,0.0042672934941947,0.1195930391550064,0.9999932050704956,28
24,right hip,-0.0227671805769205,-0.0078487871214747,-0.117714025080204,0.9999982714653016,28
25,left knee,0.0163315720856189,0.4146289825439453,0.1313882619142532,0.6178125739097595,28
26,right knee,0.3185295760631561,0.0545895099639892,-0.2773216664791107,0.9927024245262146,28
27,left ankle,-0.2617989480495453,0.2617329359054565,0.381769984960556,0.548210620880127,28
28,right ankle,0.2269456535577774,0.4503770768642425,-0.109451875090599,0.9949613213539124,28
29,left heel,-0.3141062557697296,0.2425153106451034,0.4187696874141693,0.652442991733551,28
30,right heel,0.2139206826686859,0.4834979474544525,-0.121016189455986,0.970958173274994,28
31,left foot index,-0.3659254312515259,0.306726723909378,0.4628980755805969,0.6915935277938843,28
32,right foot index,0.3096413910388946,0.534863293170929,-0.1685442924499511,0.99153870344162,28
11,left shoulder,0.099619835615158,-0.4595357477664947,0.1053903400897979,0.9997739195823668,29
12,right shoulder,-0.0201132800430059,-0.5115087628364563,-0.1061014905571937,0.9999892711639404,29
13,left elbow,0.023703321814537,-0.2473603338003158,0.1348467469215393,0.0083734225481748,29
14,right elbow,-0.2022038251161575,-0.2375697791576385,-0.1507090628147125,0.9332215189933776,29
15,left wrist,0.0888168066740036,-0.053093533962965,0.0922571569681167,0.0087706428021192,29
16,right wrist,-0.0919590815901756,-0.088008627295494,-0.1011208221316337,0.5997902750968933,29
23,left hip,0.0264245402067899,0.0050410679541528,0.1193684414029121,0.99999338388443,29
24,right hip,-0.0234084594994783,-0.0087322294712066,-0.1175414621829986,0.9999983310699464,29
25,left knee,0.006129992660135,0.4133819341659546,0.1340073496103286,0.611871063709259,29
26,right knee,0.3162644803524017,0.0281814541667699,-0.2814825773239136,0.9929818511009216,29
27,left ankle,-0.2603139579296112,0.2567058205604553,0.385699599981308,0.5473111867904663,29
28,right ankle,0.2246828526258468,0.4354920983314514,-0.1175133138895034,0.995149552822113,29
29,left heel,-0.3122712075710296,0.2376533448696136,0.421617716550827,0.6478535532951355,29
30,right heel,0.2120124995708465,0.4695910513401031,-0.1302560120820999,0.9718989729881288,29
31,left foot index,-0.3639695346355438,0.296501100063324,0.4626113474369049,0.6924009919166565,29
32,right foot index,0.3057675361633301,0.5241158604621887,-0.1835659593343734,0.99179607629776,29
11,left shoulder,0.1003318503499031,-0.4579046666622162,0.0975610688328743,0.9997668862342834,30
12,right shoulder,-0.01586196385324,-0.5099115967750549,-0.111726202070713,0.999987781047821,30
13,left elbow,0.0253390632569789,-0.2446972876787185,0.1214678958058357,0.0079147107899189,30
14,right elbow,-0.1966987401247024,-0.2374916076660156,-0.1521457582712173,0.9191221594810486,30
15,left wrist,0.093850165605545,-0.0571103692054748,0.0831663683056831,0.0080022113397717,30
16,right wrist,-0.091248445212841,-0.0878757387399673,-0.104878157377243,0.5641018152236938,30
23,left hip,0.0265358425676822,0.0055220043286681,0.1192065700888633,0.9999935626983644,30
24,right hip,-0.0234753564000129,-0.0093244966119527,-0.1174141019582748,0.9999983906745912,30
25,left knee,0.0075098630040884,0.4133510887622833,0.1361804902553558,0.6140760779380798,30
26,right knee,0.3148332834243774,0.008397770114243,-0.2839719355106354,0.9932496547698976,30
27,left ankle,-0.2599339783191681,0.2528484761714935,0.3854888081550598,0.5521602034568787,30
28,right ankle,0.2236068248748779,0.4299825131893158,-0.1241518557071685,0.9953412413597108,30
29,left heel,-0.3114402592182159,0.2329150289297104,0.4210655093193054,0.6481114625930786,30
30,right heel,0.2113388925790786,0.4654415547847748,-0.1376453787088394,0.9729200005531312,30
31,left foot index,-0.3612131476402282,0.2928428649902344,0.4582982063293457,0.6957600712776184,30
32,right foot index,0.3069720566272735,0.5201775431632996,-0.1917195171117782,0.9920413494110109,30
11,left shoulder,0.1027579456567764,-0.4572843313217163,0.0970809012651443,0.9997637867927552,31
12,right shoulder,-0.016270188614726,-0.5048987865447998,-0.1122323125600814,0.9999873638153076,31
13,left elbow,0.02315603941679,-0.2469990253448486,0.1234441772103309,0.0073977685533463,31
14,right elbow,-0.1970014721155166,-0.2291362434625625,-0.149396151304245,0.9107879400253296,31
15,left wrist,0.0925196185708046,-0.0659220293164253,0.0958033800125122,0.0072745862416923,31
16,right wrist,-0.0913161635398864,-0.0841484665870666,-0.0894187241792678,0.5361995100975037,31
23,left hip,0.0276273414492607,0.0066308854147791,0.1190150827169418,0.9999938011169434,31
24,right hip,-0.0245140772312879,-0.0104778297245502,-0.1172289475798606,0.9999984502792358,31
25,left knee,0.0085642300546169,0.4184926152229309,0.1284488588571548,0.6204487085342407,31
26,right knee,0.3140885531902313,0.0035576417576521,-0.2859314084053039,0.9934626817703248,31
27,left ankle,-0.2589920163154602,0.2485605776309967,0.3676301538944244,0.5495761036872864,31
28,right ankle,0.2179057300090789,0.4301114976406097,-0.128276526927948,0.995448112487793,31
29,left heel,-0.3104057312011719,0.2268804311752319,0.4018573462963104,0.6439789533615112,31
30,right heel,0.2059925198554992,0.4667592942714691,-0.1421609073877334,0.9735735654830932,31
31,left foot index,-0.3634645044803619,0.2857314348220825,0.4378650188446045,0.6944429278373718,31
32,right foot index,0.3041926324367523,0.5191050171852112,-0.195268452167511,0.9921767711639404,31
11,left shoulder,0.1039445549249649,-0.4574390947818756,0.0979238376021385,0.9997636675834656,32
12,right shoulder,-0.0120786735787987,-0.5049425959587097,-0.1123427227139473,0.9999876022338868,32
13,left elbow,0.0217076297849416,-0.247911050915718,0.1254274100065231,0.0070360922254621,32
14,right elbow,-0.1930968463420868,-0.2298699766397476,-0.1474054902791977,0.9101235866546632,32
15,left wrist,0.0840878337621688,-0.0709948614239692,0.0967106595635414,0.006643901579082,32
16,right wrist,-0.0912191048264503,-0.0848396494984626,-0.0899043381214141,0.534380316734314,32
23,left hip,0.0278420392423868,0.0074275461956858,0.1189751550555229,0.9999940991401672,32
24,right hip,-0.0247325506061315,-0.0114149991422891,-0.1171963736414909,0.9999985694885254,32
25,left knee,0.0110945403575897,0.4201412200927734,0.1240740641951561,0.6291927695274353,32
26,right knee,0.3119915425777435,-0.0069887796416878,-0.2901293039321899,0.9937782287597656,32
27,left ankle,-0.2584295868873596,0.2514354884624481,0.3669697046279907,0.5473055243492126,32
28,right ankle,0.2103092819452285,0.4300567209720611,-0.136785551905632,0.9956454038619996,32
29,left heel,-0.3099790215492248,0.2304196506738662,0.4015295803546905,0.6414658427238464,32
30,right heel,0.1986642628908157,0.4681804776191711,-0.1514423340559005,0.9745802283287048,32
31,left foot index,-0.3630500435829162,0.2920967042446136,0.4387786984443664,0.6941683888435364,32
32,right foot index,0.3007509112358093,0.5194451808929443,-0.2076538056135177,0.9924731850624084,32
11,left shoulder,0.1045334860682487,-0.4583831429481506,0.097773790359497,0.9997625946998596,33
12,right shoulder,-0.0134318964555859,-0.5052381157875061,-0.1112264618277549,0.9999877214431764,33
13,left elbow,0.0217024404555559,-0.2534975409507751,0.1394533216953277,0.0067113060504198,33
14,right elbow,-0.1933567374944687,-0.2303254604339599,-0.1450478136539459,0.9085713624954224,33
15,left wrist,0.0782649368047714,-0.0774455741047859,0.1393154114484787,0.0060557103715837,33
16,right wrist,-0.0926252156496048,-0.0850955322384834,-0.0843194350600242,0.5290461182594299,33
23,left hip,0.0295680314302444,0.0077502988278865,0.1183906719088554,0.9999943375587464,33
24,right hip,-0.0265041403472423,-0.0117740705609321,-0.1165657639503479,0.9999986290931702,33
25,left knee,0.0162246376276016,0.4239358901977539,0.1166010349988937,0.6359584927558899,33
26,right knee,0.3114769756793976,0.0021422973368316,-0.287687748670578,0.993760347366333,33
27,left ankle,-0.2566999495029449,0.2586226165294647,0.3642496764659881,0.5339540243148804,33
28,right ankle,0.2101346999406814,0.4371723532676697,-0.1342683434486389,0.9955610036849976,33
29,left heel,-0.3086693882942199,0.2389748692512512,0.3994131982326507,0.6309012770652771,33
30,right heel,0.1988955438137054,0.4753706157207489,-0.1489816308021545,0.974316656589508,33
31,left foot index,-0.3611343801021576,0.3025952875614166,0.4389969110488891,0.6830546259880066,33
32,right foot index,0.3019853830337524,0.5261882543563843,-0.203290119767189,0.9922926425933838,33
11,left shoulder,0.1044799014925956,-0.4584028422832489,0.1020701676607132,0.9997685551643372,34
12,right shoulder,-0.0190576091408729,-0.5052245855331421,-0.1059394925832748,0.9999879598617554,34
13,left elbow,0.0296868290752172,-0.2483169734477996,0.1396196335554123,0.0066442503593862,34
14,right elbow,-0.1959772855043411,-0.2303947955369949,-0.1372965276241302,0.9104083776474,34
15,left wrist,0.0814441740512847,-0.0593365430831909,0.1219077110290527,0.0055959322489798,34
16,right wrist,-0.0929484739899635,-0.085926204919815,-0.0843095183372497,0.5386711955070496,34
23,left hip,0.0311913285404443,0.00860255677253,0.1177247613668441,0.9999945759773254,34
24,right hip,-0.0281268656253814,-0.0127161918208003,-0.1159026771783828,0.9999986886978148,34
25,left knee,0.0175089314579963,0.433295726776123,0.1089844405651092,0.6462907195091248,34
26,right knee,0.3102397918701172,0.0017709453823044,-0.2887501716613769,0.9939987659454346,34
27,left ankle,-0.2564083933830261,0.2632037699222564,0.3573095798492431,0.5310152769088745,34
28,right ankle,0.2100166827440261,0.4385204315185547,-0.139062151312828,0.9957097172737122,34
29,left heel,-0.308534175157547,0.2450972944498062,0.3926120698451996,0.6281266212463379,34
30,right heel,0.199105218052864,0.476828932762146,-0.1542062163352966,0.9750435948371888,34
31,left foot index,-0.3597264587879181,0.3086510896682739,0.4301225543022156,0.6825204491615295,34
32,right foot index,0.3022339344024658,0.5267248153686523,-0.2127115279436111,0.9925281405448914,34
11,left shoulder,0.0995461568236351,-0.4588726460933685,0.1057978495955467,0.9997698068618774,35
12,right shoulder,-0.0266739539802074,-0.5072575211524963,-0.1055202260613441,0.999987542629242,35
13,left elbow,0.0235118009150028,-0.2489124983549118,0.1398305892944336,0.0068256449885666,35
14,right elbow,-0.2015648484230041,-0.2362539619207382,-0.1387483477592468,0.9098706245422364,35
15,left wrist,0.0746666491031646,-0.0629289522767067,0.107602059841156,0.0052639590576291,35
16,right wrist,-0.0937893539667129,-0.0880602002143859,-0.0911239236593246,0.5263701677322388,35
23,left hip,0.0313267558813095,0.0087669976055622,0.1177150085568428,0.9999948740005492,35
24,right hip,-0.0282951835542917,-0.0128939310088753,-0.1158920899033546,0.9999987483024596,35
25,left knee,0.0216340348124504,0.4316086173057556,0.110047198832035,0.6645464897155762,35
26,right knee,0.309756338596344,0.0041032317094504,-0.2909971177577972,0.9944191575050354,35
27,left ankle,-0.2512334585189819,0.2662296295166015,0.3642491400241852,0.5448843836784363,35
28,right ankle,0.2104328572750091,0.438635766506195,-0.1452072709798813,0.9960033297538756,35
29,left heel,-0.3035092949867248,0.2484795749187469,0.4001433253288269,0.6368295550346375,35
30,right heel,0.1997160762548446,0.4767782092094421,-0.1609382033348083,0.9765757918357848,35
31,left foot index,-0.3564174771308899,0.311494767665863,0.4338882863521576,0.6923391819000244,35
32,right foot index,0.3029318749904632,0.5264013409614563,-0.2230078876018524,0.9929872751235962,35
11,left shoulder,0.0926726385951042,-0.4604624807834625,0.1004805937409401,0.9997689127922058,36
12,right shoulder,-0.0351028889417648,-0.5118721723556519,-0.1102951988577842,0.9999866485595704,36
13,left elbow,0.0206081569194793,-0.2516128718852997,0.1290650218725204,0.00708410423249,36
14,right elbow,-0.2045719921588897,-0.2464818358421325,-0.1565619111061096,0.9065655469894408,36
15,left wrist,0.0712200924754142,-0.0670532286167144,0.087705411016941,0.0049725519493222,36
16,right wrist,-0.0937767550349235,-0.0917497426271438,-0.1296293139457702,0.5110000967979431,36
23,left hip,0.0313056148588657,0.00875842012465,0.1176720634102821,0.9999949932098388,36
24,right hip,-0.0282794870436191,-0.0128921959549188,-0.1158590316772461,0.9999988079071044,36
25,left knee,0.022165847942233,0.4308378398418426,0.1249793097376823,0.6778181791305542,36
26,right knee,0.3153235614299774,0.0094846580177545,-0.2881858050823211,0.9946961402893066,36
27,left ankle,-0.2472251206636428,0.2676531672477722,0.3677344620227813,0.5600666403770447,36
28,right ankle,0.2124484330415725,0.4390440285205841,-0.1415869742631912,0.9962360262870787,36
29,left heel,-0.29887855052948,0.2499018162488937,0.4025944769382477,0.6475523710250854,36
30,right heel,0.2014281600713729,0.4775811433792114,-0.1574286222457885,0.97786945104599,36
31,left foot index,-0.3467592895030975,0.3123728036880493,0.4347447454929352,0.7028465270996094,36
32,right foot index,0.3057154417037964,0.5284050703048706,-0.2187452614307403,0.99332594871521,36
11,left shoulder,0.0802772566676139,-0.4625525176525116,0.0920895412564277,0.99975323677063,37
12,right shoulder,-0.0434997528791427,-0.5126436352729797,-0.118972361087799,0.9999860525131226,37
13,left elbow,0.0086163897067308,-0.2633319795131683,0.123525358736515,0.0067544770427048,37
14,right elbow,-0.2156127840280532,-0.2518641054630279,-0.157526284456253,0.90596204996109,37
15,left wrist,0.063537023961544,-0.0890013873577117,0.0873960703611373,0.0045474311336874,37
16,right wrist,-0.0973784923553466,-0.0988120436668396,-0.1238918676972389,0.5079714059829712,37
23,left hip,0.031228644773364,0.0085585638880729,0.1176574975252151,0.9999949932098388,37
24,right hip,-0.0282244309782981,-0.0127806216478347,-0.1158500984311103,0.9999988675117492,37
25,left knee,0.0354189351201057,0.4303216636180877,0.1446278691291809,0.6699409484863281,37
26,right knee,0.325484961271286,0.0220996104180812,-0.2864958643913269,0.994680881500244,37
27,left ankle,-0.2373443394899368,0.2833098769187927,0.3881026804447174,0.5467326641082764,37
28,right ankle,0.2153748273849487,0.4602141976356506,-0.1401031464338302,0.9962554574012756,37
29,left heel,-0.2896824181079864,0.2671672701835632,0.4223260581493377,0.6345750093460083,37
30,right heel,0.2031708359718322,0.4985763728618622,-0.1559412628412246,0.9780505299568176,37
31,left foot index,-0.3418374061584472,0.3407329022884369,0.4588505029678345,0.6871796250343323,37
32,right foot index,0.3058000802993774,0.5454262495040894,-0.216282770037651,0.9931615591049194,37
11,left shoulder,0.0711456015706062,-0.4642829000949859,0.0919554904103279,0.9997559785842896,38
12,right shoulder,-0.0522977523505687,-0.5140381455421448,-0.1190723404288292,0.9999862909317015,38
13,left elbow,0.0066351536661386,-0.2708457112312317,0.1247095391154289,0.0065663736313581,38
14,right elbow,-0.2247201949357986,-0.2540291249752044,-0.1565228551626205,0.9080342650413512,38
15,left wrist,0.0585423223674297,-0.1051107496023178,0.0896124839782714,0.0042015332728624,38
16,right wrist,-0.1039105355739593,-0.1032810807228088,-0.1159212887287139,0.5139102339744568,38
23,left hip,0.0311435125768184,0.0080050798133015,0.1176478564739227,0.9999950528144836,38
24,right hip,-0.0281688272953033,-0.0123472027480602,-0.1158650368452072,0.999998927116394,38
25,left knee,0.048950407654047,0.4284683763980865,0.1590940803289413,0.6651313304901123,38
26,right knee,0.3315066695213318,0.0631700605154037,-0.2563434541225433,0.9946565628051758,38
27,left ankle,-0.2357724457979202,0.3131578266620636,0.3913897573947906,0.5377411246299744,38
28,right ankle,0.2190135419368744,0.501663863658905,-0.1199959218502044,0.9962993860244752,38
29,left heel,-0.2887397706508636,0.301722764968872,0.4246531724929809,0.6258813142776489,38
30,right heel,0.2067347019910812,0.5400574207305908,-0.1381163150072097,0.9783370494842528,38
31,left foot index,-0.3387950658798218,0.3772237300872803,0.461495965719223,0.6791187524795532,38
32,right foot index,0.3120192885398865,0.570837140083313,-0.1999155580997467,0.9931192994117736,38
11,left shoulder,0.0670438036322593,-0.4649836719036102,0.0906546264886856,0.999750792980194,39
12,right shoulder,-0.0603040494024753,-0.5152518153190613,-0.1216230392456054,0.9999860525131226,39
13,left elbow,0.0085441023111343,-0.2728272378444671,0.1206319481134414,0.0064199995249509,39
14,right elbow,-0.2326058149337768,-0.2548661530017853,-0.1544369757175445,0.909869909286499,39
15,left wrist,0.0568152703344821,-0.1153662651777267,0.0859765335917472,0.0039096297696232,39
16,right wrist,-0.106828473508358,-0.1058216765522956,-0.0968037322163581,0.5140891671180725,39
23,left hip,0.0310438703745603,0.0074322442524135,0.1176527440547943,0.9999950528144836,39
24,right hip,-0.0280952528119087,-0.0118301892653107,-0.1159376949071884,0.999998927116394,39
25,left knee,0.0624105148017406,0.4225115478038788,0.1663466095924377,0.6578835248947144,39
26,right knee,0.334224671125412,0.0987210422754287,-0.2370767891407013,0.994571328163147,39
27,left ankle,-0.2336358875036239,0.3357171416282654,0.3927134573459625,0.5251191854476929,39
28,right ankle,0.2396005392074585,0.5354443788528442,-0.1084425449371337,0.996279001235962,39
29,left heel,-0.2869930267333984,0.3276626169681549,0.4254325330257416,0.6160306334495544,39
30,right heel,0.230201318860054,0.5735125541687012,-0.1278519630432129,0.9784165024757384,39
31,left foot index,-0.3276395201683044,0.4020651280879974,0.4636257588863373,0.6665220260620117,39
32,right foot index,0.3415239453315735,0.5902811288833618,-0.1884380877017974,0.9928999543190002,39
11,left shoulder,0.0489926300942897,-0.46478271484375,0.0899094864726066,0.9997464418411256,40
12,right shoulder,-0.0602233111858367,-0.5166836977005005,-0.1235855296254158,0.999986171722412,40
13,left elbow,0.0004857981984969,-0.2708486318588257,0.1145290806889534,0.0061229676939547,40
14,right elbow,-0.2360829859972,-0.2556122541427612,-0.1517474204301834,0.9131168723106384,40
15,left wrist,0.0528456717729568,-0.1133974120020866,0.0831004008650779,0.0036239626351743,40
16,right wrist,-0.1152684539556503,-0.1081113964319229,-0.084245391190052,0.5274714827537537,40
23,left hip,0.0268908645957708,0.0068314629606902,0.1176813393831253,0.9999950528144836,40
24,right hip,-0.0240264143794775,-0.011297732591629,-0.1160601377487182,0.999998927116394,40
25,left knee,0.0760146602988243,0.4027885794639587,0.1719814389944076,0.6439085006713867,40
26,right knee,0.3347766995429992,0.1248724535107612,-0.1965359896421432,0.9943408966064452,40
27,left ankle,-0.2338681519031524,0.352654755115509,0.3908968269824981,0.5127853155136108,40
28,right ankle,0.246144950389862,0.5630012154579163,-0.0875294953584671,0.9962968230247498,40
29,left heel,-0.2872844338417053,0.3485846519470215,0.4219507277011871,0.6101899147033691,40
30,right heel,0.2374689877033233,0.6011654138565063,-0.1097488850355148,0.9788053035736084,40
31,left foot index,-0.3193792700767517,0.4253068268299103,0.4629406034946441,0.6545422673225403,40
32,right foot index,0.3509149849414825,0.6131577491760254,-0.1638305783271789,0.9927476048469543,40
11,left shoulder,0.0360435284674167,-0.4643467664718628,0.0896112397313118,0.999749481678009,41
12,right shoulder,-0.0600664243102073,-0.5181718468666077,-0.1262260526418686,0.999986469745636,41
13,left elbow,-0.0066491840407252,-0.2706835567951202,0.1152325794100761,0.0060197827406227,41
14,right elbow,-0.2387759536504745,-0.2584470212459564,-0.1515230238437652,0.9183761477470398,41
15,left wrist,0.0595128275454044,-0.1199487596750259,0.0946370586752891,0.0035000916104763,41
16,right wrist,-0.1172798499464988,-0.1130678206682205,-0.0821329951286315,0.551295280456543,41
23,left hip,0.0217534638941288,0.0059920521453022,0.1178051233291626,0.9999951124191284,41
24,right hip,-0.0189570672810077,-0.0104848816990852,-0.1163145452737808,0.9999989867210388,41
25,left knee,0.0942490547895431,0.380088746547699,0.1750364452600479,0.6505475640296936,41
26,right knee,0.3372133374214172,0.1503439247608184,-0.1762281656265258,0.9945213198661804,41
27,left ankle,-0.229032427072525,0.3745787143707275,0.3804047703742981,0.5229968428611755,41
28,right ankle,0.2661559581756592,0.5846660137176514,-0.0739472806453704,0.9964966773986816,41
29,left heel,-0.2844218611717224,0.3751573264598846,0.4096454679965973,0.6216874122619629,41
30,right heel,0.2585229277610779,0.6221267580986023,-0.0969518050551414,0.9800763726234436,41
31,left foot index,-0.3044415116310119,0.4646523892879486,0.458152025938034,0.6613563895225525,41
32,right foot index,0.3737044930458069,0.6355354189872742,-0.1409828960895538,0.9930484890937804,41
11,left shoulder,0.0394429638981819,-0.4623068869113922,0.0941500514745712,0.9997488856315612,42
12,right shoulder,-0.0594440549612045,-0.5187969207763672,-0.1245932802557945,0.9999865889549256,42
13,left elbow,-0.0059885741211473,-0.2705114185810089,0.1373646706342697,0.0058933501131832,42
14,right elbow,-0.2372965514659881,-0.2589138746261596,-0.1479373723268509,0.9225524663925172,42
15,left wrist,0.064990296959877,-0.1283006072044372,0.1405909210443496,0.0033588542137295,42
16,right wrist,-0.1164062172174453,-0.1173654869198799,-0.0834914296865463,0.5643185377120972,42
23,left hip,0.0210219267755746,0.0055263629183173,0.1185215264558792,0.9999952912330629,42
24,right hip,-0.0182883720844984,-0.0100912023335695,-0.1172179207205772,0.9999990463256836,42
25,left knee,0.1041525900363922,0.361562430858612,0.1733599156141281,0.6512293219566345,42
26,right knee,0.3349021077156067,0.1836041361093521,-0.1923350840806961,0.9948139190673828,42
27,left ankle,-0.2194062173366546,0.4110274612903595,0.3562973141670227,0.5325493216514587,42
28,right ankle,0.2835854291915893,0.6155408620834351,-0.1260625422000885,0.9967451691627502,42
29,left heel,-0.2744739055633545,0.418430745601654,0.3830938637256622,0.6360090970993042,42
30,right heel,0.2798405587673187,0.6527377963066101,-0.155763104557991,0.9815654158592224,42
31,left foot index,-0.2617201209068298,0.5042961835861206,0.4255472123622894,0.6686681509017944,42
32,right foot index,0.4028571844100952,0.6483016014099121,-0.2153397500514984,0.9934884309768676,42
11,left shoulder,0.0395802855491638,-0.4619680047035217,0.0982581153512001,0.9997433423995972,43
12,right shoulder,-0.0591758340597152,-0.5277326107025146,-0.1244720146059989,0.9999869465827942,43
13,left elbow,-0.0104428734630346,-0.2702497839927673,0.1443488448858261,0.0056590097956359,43
14,right elbow,-0.2361772358417511,-0.2668943703174591,-0.1501493752002716,0.9272735714912416,43
15,left wrist,0.0663486421108245,-0.1277214586734771,0.1452723294496536,0.0032136966474354,43
16,right wrist,-0.1165318861603736,-0.1219113692641258,-0.1088430359959602,0.5879380702972412,43
23,left hip,0.0207284856587648,0.0049726450815796,0.1196689829230308,0.9999954104423524,43
24,right hip,-0.0180382132530212,-0.009532761760056,-0.1185530498623848,0.9999990463256836,43
25,left knee,0.1184690743684768,0.3442167639732361,0.171710267663002,0.6417117714881897,43
26,right knee,0.31280317902565,0.2321215122938156,-0.1869229525327682,0.99481463432312,43
27,left ankle,-0.2098994851112365,0.4384400844573974,0.3192950189113617,0.5330839157104492,43
28,right ankle,0.2918038964271545,0.6460314989089966,-0.1247648820281028,0.9968584179878236,43
29,left heel,-0.2642699480056762,0.4501697719097137,0.3438431322574615,0.6470880508422852,43
30,right heel,0.292962372303009,0.6812115907669067,-0.1512524634599685,0.9825916886329652,43
31,left foot index,-0.2284307181835174,0.5284972786903381,0.3806613385677337,0.6701618432998657,43
32,right foot index,0.424570232629776,0.6595681309700012,-0.2107967436313629,0.993627905845642,43
11,left shoulder,0.0400723703205585,-0.4619602262973785,0.1033601537346839,0.9997483491897584,44
12,right shoulder,-0.0598271377384662,-0.5337340831756592,-0.1243646368384361,0.9999876022338868,44
13,left elbow,-0.0102319251745939,-0.2658882439136505,0.1489103585481643,0.0055232099257409,44
14,right elbow,-0.233812466263771,-0.2677516341209411,-0.1541296392679214,0.932074010372162,44
15,left wrist,0.0674002319574356,-0.1037831306457519,0.1430932134389877,0.0030791785102337,44
16,right wrist,-0.1162848621606826,-0.1213788241147995,-0.1301953196525573,0.611664891242981,44
23,left hip,0.0208288598805665,0.0047773607075214,0.1208398789167404,0.9999955892562866,44
24,right hip,-0.018147075548768,-0.0093534961342811,-0.1197317168116569,0.9999991059303284,44
25,left knee,0.1118013560771942,0.3474040031433105,0.1509516984224319,0.6412773132324219,44
26,right knee,0.2706859409809112,0.2588228583335876,-0.186046227812767,0.9948581457138062,44
27,left ankle,-0.2122808694839477,0.4796770215034485,0.287066638469696,0.5427330136299133,44
28,right ankle,0.2853066325187683,0.6729369163513184,-0.1253058016300201,0.9970142245292664,44
29,left heel,-0.2664909958839416,0.495114117860794,0.3109187483787536,0.6632727980613708,44
30,right heel,0.288678377866745,0.7076968550682068,-0.1539632081985473,0.983680248260498,44
31,left foot index,-0.2356702536344528,0.5643002986907959,0.33544921875,0.680895984172821,44
32,right foot index,0.4211261868476867,0.6687451004981995,-0.2278883010149002,0.993898332118988,44
11,left shoulder,0.040465772151947,-0.4575366377830505,0.1124550774693489,0.99975848197937,45
12,right shoulder,-0.0599883943796157,-0.5384719967842102,-0.1192464902997016,0.9999884963035583,45
13,left elbow,0.0021449094638228,-0.2654195129871368,0.1805922091007232,0.0055571091361343,45
14,right elbow,-0.2278766185045242,-0.2725322842597961,-0.170593574643135,0.937532901763916,45
15,left wrist,0.083444707095623,-0.1040047630667686,0.2012859880924224,0.0032424028031527,45
16,right wrist,-0.1143977418541908,-0.1213021725416183,-0.2004415839910507,0.6438455581665039,45
23,left hip,0.0209029093384742,0.0047548045404255,0.1217923238873481,0.999995768070221,45
24,right hip,-0.0182784292846918,-0.0093382662162184,-0.1204295009374618,0.9999991655349731,45
25,left knee,0.1062343195080757,0.3485080301761627,0.1585833430290222,0.6379105448722839,45
26,right knee,0.2296688258647918,0.2851609289646148,-0.1801692992448806,0.99514901638031,45
27,left ankle,-0.2132695168256759,0.5267536044120789,0.2998188138008117,0.5510686635971069,45
28,right ankle,0.2845647037029266,0.6806014776229858,-0.139286920428276,0.9972177147865297,45
29,left heel,-0.2664366066455841,0.5481215715408325,0.3278257548809051,0.6797128319740295,45
30,right heel,0.2936641275882721,0.7128452062606812,-0.1732190996408462,0.9849281907081604,45
31,left foot index,-0.2165769338607788,0.6078522205352783,0.3633239269256592,0.6912671327590942,45
32,right foot index,0.4331013262271881,0.6640085577964783,-0.2569559812545776,0.9943073987960817,45
11,left shoulder,0.0429362282156944,-0.4450221061706543,0.1140011101961135,0.999772608280182,46
12,right shoulder,-0.0641306266188621,-0.5404545664787292,-0.1174471899867057,0.9999893307685852,46
13,left elbow,0.0275661796331405,-0.2438313513994217,0.1780393272638321,0.0063978023827075,46
14,right elbow,-0.2269378006458282,-0.2742804884910583,-0.1796550005674362,0.9425452351570128,46
15,left wrist,0.0970213860273361,-0.0788167268037796,0.1837377846240997,0.0049083246849477,46
16,right wrist,-0.1157218515872955,-0.1228261366486549,-0.2266694158315658,0.67519611120224,46
23,left hip,0.0218208730220794,0.0047005447559058,0.1220235452055931,0.9999958872795104,46
24,right hip,-0.019409742206335,-0.0092864669859409,-0.1205273941159248,0.9999991655349731,46
25,left knee,0.0963533818721771,0.3498579263687134,0.1699310094118118,0.629431426525116,46
26,right knee,0.1911711245775222,0.3018434643745422,-0.169596865773201,0.9953521490097046,46
27,left ankle,-0.2115571647882461,0.5632129311561584,0.3213913738727569,0.5608153343200684,46
28,right ankle,0.2764571905136108,0.6947759389877319,-0.1364805549383163,0.9973930716514589,46
29,left heel,-0.2621180415153503,0.5886456966400146,0.3476971387863159,0.6932597160339355,46
30,right heel,0.2877949476242065,0.725838303565979,-0.1677577346563339,0.9859603643417358,46
31,left foot index,-0.2018638849258422,0.6497219204902649,0.3729913830757141,0.7028152346611023,46
32,right foot index,0.4195010364055633,0.6774100065231323,-0.2516600787639618,0.9946587085723876,46
11,left shoulder,0.0520789735019207,-0.4424578547477722,0.1131942421197891,0.999790370464325,47
12,right shoulder,-0.0650753825902938,-0.5395519733428955,-0.1150346174836158,0.9999901056289672,47
13,left elbow,0.0433408468961715,-0.2280200272798538,0.173678308725357,0.0071590892039239,47
14,right elbow,-0.2262400984764099,-0.2739641964435577,-0.1860046535730362,0.9464954137802124,47
15,left wrist,0.1007175594568252,-0.0442887209355831,0.1752822697162628,0.0059211351908743,47
16,right wrist,-0.1195946261286735,-0.1227031722664833,-0.2411747574806213,0.6990112066268921,47
23,left hip,0.0238457564264535,0.0047682975418865,0.1218822821974754,0.9999960660934448,47
24,right hip,-0.0216119773685932,-0.0093859676271677,-0.1202485486865043,0.999999225139618,47
25,left knee,0.0688154846429824,0.3520295619964599,0.1828124821186065,0.6048552989959717,47
26,right knee,0.1719095408916473,0.294197142124176,-0.1715818047523498,0.995481550693512,47
27,left ankle,-0.2025263160467147,0.601382315158844,0.3722772598266601,0.5630398392677307,47
28,right ankle,0.2239148914813995,0.6873553395271301,-0.143598273396492,0.9975329041481018,47
29,left heel,-0.2472547888755798,0.6306250691413879,0.4012575447559356,0.700956404209137,47
30,right heel,0.23773954808712,0.7189621925354004,-0.1782666444778442,0.986697256565094,47
31,left foot index,-0.169847771525383,0.6878640055656433,0.4157208502292633,0.7104207873344421,47
32,right foot index,0.3731280863285064,0.6865947246551514,-0.268311470746994,0.9949735403060912,47
11,left shoulder,0.0572208873927593,-0.4411799907684326,0.1010217294096946,0.999801218509674,48
12,right shoulder,-0.0660908818244934,-0.5389804244041443,-0.1212499216198921,0.9999908208847046,48
13,left elbow,0.0457974411547184,-0.2179301083087921,0.1727397441864013,0.0070028598420321,48
14,right elbow,-0.2242234945297241,-0.2732077836990356,-0.2028975784778595,0.9507499933242798,48
15,left wrist,0.0987748280167579,-0.0150012141093611,0.1715218871831894,0.0057800021022558,48
16,right wrist,-0.1197255551815033,-0.1227248832583427,-0.2566205263137817,0.7241804003715515,48
23,left hip,0.0242825914174318,0.0047616530209779,0.120622344315052,0.9999961256980896,48
24,right hip,-0.0221433714032173,-0.0093816248700022,-0.1187353134155273,0.999999225139618,48
25,left knee,0.0439850464463233,0.3544180691242218,0.1856907606124878,0.5827890634536743,48
26,right knee,0.1557267904281616,0.3112907111644745,-0.1259069144725799,0.9950398802757264,48
27,left ankle,-0.1971691399812698,0.6395062208175659,0.3716829121112823,0.5771247744560242,48
28,right ankle,0.1668752133846283,0.7024394273757935,-0.0822319388389587,0.9975329041481018,48
29,left heel,-0.2375006973743438,0.6723754405975342,0.3984592854976654,0.7145406603813171,48
30,right heel,0.1765267848968505,0.7343302965164185,-0.1175939813256263,0.9866722822189332,48
31,left foot index,-0.1496009826660156,0.7198607921600342,0.39987313747406,0.724699854850769,48
32,right foot index,0.3078063726425171,0.7140780687332153,-0.2128838747739792,0.9950374960899352,48
11,left shoulder,0.061246071010828,-0.4444878995418548,0.084883764386177,0.9998155236244202,49
12,right shoulder,-0.0637103989720344,-0.5378432869911194,-0.135180115699768,0.9999914169311525,49
13,left elbow,0.0439231358468532,-0.2215629667043686,0.1589462608098983,0.0075329123064875,49
14,right elbow,-0.2240796089172363,-0.2712564766407013,-0.208165243268013,0.9550558924674988,49
15,left wrist,0.1003326103091239,-0.0332156792283058,0.1691914945840835,0.0061861565336585,49
16,right wrist,-0.1215540692210197,-0.1224724203348159,-0.2453292906284332,0.7483744621276855,49
23,left hip,0.0246504470705986,0.0047967028804123,0.1193503886461258,0.9999961256980896,49
24,right hip,-0.0225441884249448,-0.0094885742291808,-0.1176686212420463,0.999999225139618,49
25,left knee,0.0370301976799964,0.3673175573348999,0.183637797832489,0.5775156021118164,49
26,right knee,0.1475287973880767,0.3085035681724548,-0.1163603514432907,0.9947528839111328,49
27,left ankle,-0.1784131377935409,0.660615861415863,0.3479860723018646,0.6017006635665894,49
28,right ankle,0.1064097359776496,0.7062608599662781,-0.0607939139008522,0.9975332021713256,49
29,left heel,-0.214048221707344,0.6933232545852661,0.3713704347610473,0.7323533892631531,49
30,right heel,0.1095913425087928,0.7399284839630127,-0.0945754796266555,0.9863758683204652,49
31,left foot index,-0.1237509027123451,0.7428582310676575,0.3678873777389526,0.7428961396217346,49
32,right foot index,0.2338140457868576,0.7352108359336853,-0.1853741854429245,0.9950703978538512,49
11,left shoulder,0.0750554725527763,-0.4469291865825653,0.0751591175794601,0.9998266100883484,50
12,right shoulder,-0.0636040493845939,-0.5364534258842468,-0.1383386105298996,0.9999918937683104,50
13,left elbow,0.0593438223004341,-0.2328175008296966,0.1484606266021728,0.0079915588721632,50
14,right elbow,-0.2239513248205185,-0.2641916573047638,-0.2169519662857055,0.95882385969162,50
15,left wrist,0.1091887801885604,-0.0675612762570381,0.1566574275493621,0.0067166141234338,50
16,right wrist,-0.1213350519537925,-0.1213254705071449,-0.269121915102005,0.7698825001716614,50
23,left hip,0.0267286337912082,0.0049123964272439,0.1171942204236984,0.9999960064888,50
24,right hip,-0.0246511008590459,-0.009675377048552,-0.1154660806059837,0.9999991655349731,50
25,left knee,0.0157091077417135,0.3801159262657165,0.179563283920288,0.5814031958580017,50
26,right knee,0.1426276117563247,0.308034747838974,-0.1202363520860672,0.9946662783622742,50
27,left ankle,-0.1755289137363433,0.6887215971946716,0.324756920337677,0.630365788936615,50
28,right ankle,0.0568510182201862,0.710094153881073,-0.0618065223097801,0.9975717663764954,50
29,left heel,-0.2098082304000854,0.723175585269928,0.3469029664993286,0.7504806518554688,50
30,right heel,0.05463083460927,0.7440625429153442,-0.0946302562952041,0.9859697222709656,50
31,left foot index,-0.1226794421672821,0.7642285823822021,0.336778312921524,0.7630112767219543,50
32,right foot index,0.1740791946649551,0.7502052783966064,-0.1845819056034088,0.9952096343040466,50
11,left shoulder,0.0811900421977043,-0.4478470683097839,0.0725374370813369,0.99983549118042,51
12,right shoulder,-0.06239864975214,-0.5348763465881348,-0.1400195956230163,0.999992311000824,51
13,left elbow,0.0558526143431663,-0.2358450889587402,0.1385925710201263,0.0083874138072133,51
14,right elbow,-0.2238237112760543,-0.2596091330051422,-0.220211461186409,0.9623811841011048,51
15,left wrist,0.1099667325615882,-0.0816287696361541,0.1329462081193924,0.0078185098245739,51
16,right wrist,-0.1211533471941948,-0.1199932321906089,-0.2726275026798248,0.7902420163154602,51
23,left hip,0.0277638174593448,0.0051183798350393,0.1156588718295097,0.9999954700469972,51
24,right hip,-0.0256147887557744,-0.0099206892773509,-0.1139216572046279,0.9999989867210388,51
25,left knee,0.0099692931398749,0.3856583833694458,0.1639481335878372,0.5804474949836731,51
26,right knee,0.1326406151056289,0.3062740862369537,-0.1223672181367874,0.9942617416381836,51
27,left ankle,-0.163594976067543,0.7020249366760254,0.290913462638855,0.655198335647583,51
28,right ankle,-0.0005897687515243,0.7080861926078796,-0.051876462996006,0.9974056482315063,51
29,left heel,-0.1956465691328048,0.737492561340332,0.311818778514862,0.76584392786026,51
30,right heel,-0.0084314988926053,0.742039680480957,-0.0832426622509956,0.9840176701545716,51
31,left foot index,-0.104368157684803,0.7725557088851929,0.3009240329265594,0.7808831930160522,51
32,right foot index,0.1102164983749389,0.7572336196899414,-0.1668339818716049,0.9950713515281676,51
11,left shoulder,0.0851420685648918,-0.4482480585575104,0.0745876207947731,0.9998458623886108,52
12,right shoulder,-0.0615226849913597,-0.5333560705184937,-0.1390486806631088,0.999992847442627,52
13,left elbow,0.063258059322834,-0.2398549169301986,0.138699471950531,0.0091628208756446,52
14,right elbow,-0.2228445559740066,-0.2548170983791351,-0.2204332798719406,0.9657686352729796,52
15,left wrist,0.1158833280205726,-0.0873831361532211,0.1301061362028122,0.0095636593177914,52
16,right wrist,-0.1190704554319381,-0.1199046522378921,-0.2758272290229797,0.8098579049110413,52
23,left hip,0.0283982381224632,0.0054011363536119,0.1146586537361145,0.9999948740005492,52
24,right hip,-0.0261835660785436,-0.0102437185123562,-0.1129159927368164,0.9999988079071044,52
25,left knee,-0.0155498506501317,0.386687159538269,0.1641155034303665,0.5806288719177246,52
26,right knee,0.1207497343420982,0.308236688375473,-0.1244041100144386,0.9941694140434264,52
27,left ankle,-0.1607839316129684,0.707493007183075,0.3010009229183197,0.6781939268112183,52
28,right ankle,-0.0415128655731678,0.7083470225334167,-0.0427955202758312,0.9972981810569764,52
29,left heel,-0.1910373866558075,0.7441105842590332,0.3235229253768921,0.7798618674278259,52
30,right heel,-0.0529538169503212,0.742026150226593,-0.0722280368208885,0.9823477864265442,52
31,left foot index,-0.1030959412455558,0.7785605192184448,0.3210245668888092,0.797640323638916,52
32,right foot index,0.0633433833718299,0.7661714553833008,-0.1477528810501098,0.995042324066162,52
11,left shoulder,0.0881890729069709,-0.4599768221378326,0.0628110915422439,0.9998466372489928,53
12,right shoulder,-0.0621960051357746,-0.5346522927284241,-0.1431104987859726,0.9999922513961792,53
13,left elbow,0.0654642507433891,-0.2844432592391968,0.1500984877347946,0.0097101358696818,53
14,right elbow,-0.2254896759986877,-0.2614780068397522,-0.2383143156766891,0.9682785272598268,53
15,left wrist,0.1288982182741165,-0.1530666202306747,0.2089651077985763,0.0110771367326378,53
16,right wrist,-0.1199005842208862,-0.1245328336954116,-0.2918334007263183,0.8223956227302551,53
23,left hip,0.0298407319933176,0.0052996757440268,0.1128302365541458,0.9999935626983644,53
24,right hip,-0.0276466161012649,-0.0100934822112321,-0.110892504453659,0.9999982118606568,53
25,left knee,-0.0300406608730554,0.386301726102829,0.1741015613079071,0.5685365200042725,53
26,right knee,0.1024164408445358,0.3152848184108734,-0.118780106306076,0.9930538535118104,53
27,left ankle,-0.1580917090177536,0.7017595171928406,0.3152158856391907,0.6975588798522949,53
28,right ankle,-0.0895740389823913,0.7044380903244019,-0.0103252371773123,0.9966896176338196,53
29,left heel,-0.1875148266553878,0.7387012243270874,0.3373281061649322,0.7905356287956238,53
30,right heel,-0.1055025234818458,0.737602174282074,-0.0352796725928783,0.9770023822784424,53
31,left foot index,-0.100121296942234,0.7744350433349609,0.3246036767959595,0.8108721971511841,53
32,right foot index,-0.0017252782126888,0.7801907658576965,-0.0985703989863395,0.9942853450775146,53
11,left shoulder,0.0932895094156265,-0.4611856937408447,0.065433844923973,0.999850332736969,54
12,right shoulder,-0.0650520622730255,-0.5344800353050232,-0.1424378901720047,0.9999921321868896,54
13,left elbow,0.0808595791459083,-0.2801051437854767,0.1501833200454712,0.0097117815166711,54
14,right elbow,-0.2273350954055786,-0.260360985994339,-0.2372241616249084,0.9703742265701294,54
15,left wrist,0.1401435136795044,-0.1437815576791763,0.1927456259727478,0.0114291245117783,54
16,right wrist,-0.119902528822422,-0.1263264417648315,-0.2923237979412079,0.8339023590087891,54
23,left hip,0.0322921350598335,0.0051840818487107,0.1116998344659805,0.999992609024048,54
24,right hip,-0.0299905966967344,-0.0099798431620001,-0.1096563711762428,0.9999977946281432,54
25,left knee,-0.0297552477568388,0.3821516335010528,0.1814456433057785,0.5392284989356995,54
26,right knee,0.0859447121620178,0.3166570365428924,-0.1236845850944519,0.9919114708900452,54
27,left ankle,-0.1417896896600723,0.6941438317298889,0.3349597454071045,0.7020153403282166,54
28,right ankle,-0.1546835601329803,0.6943700909614563,-0.0269737765192985,0.995597779750824,54
29,left heel,-0.1685412526130676,0.731277585029602,0.3586197197437286,0.7930620312690735,54
30,right heel,-0.1768987029790878,0.7227472066879272,-0.0539623647928237,0.9686715006828308,54
31,left foot index,-0.0729486048221588,0.7664875388145447,0.3543519973754883,0.815949022769928,54
32,right foot index,-0.0812804773449897,0.7656461596488953,-0.1197330877184867,0.9929830431938172,54
11,left shoulder,0.1015035510063171,-0.4580008387565613,0.0661444887518882,0.9998445510864258,55
12,right shoulder,-0.0652700662612915,-0.5315157175064087,-0.134377434849739,0.999991774559021,55
13,left elbow,0.0818434953689575,-0.2769738733768463,0.1472931802272796,0.0092431893572211,55
14,right elbow,-0.2284053564071655,-0.2557047009468078,-0.2293557971715927,0.9719594120979308,55
15,left wrist,0.1429340690374374,-0.1557448953390121,0.163422629237175,0.0113553209230303,55
16,right wrist,-0.1202667728066444,-0.1257855892181396,-0.2856310904026031,0.8445087671279907,55
23,left hip,0.03687384724617,0.0052346005104482,0.1092714518308639,0.9999904036521912,55
24,right hip,-0.0343738421797752,-0.0100177070125937,-0.1073021367192268,0.9999969005584716,55
25,left knee,-0.0253651477396488,0.3822086751461029,0.1573830991983413,0.4990729689598083,55
26,right knee,0.0734274685382843,0.3295753002166748,-0.1469140350818634,0.9875560402870178,55
27,left ankle,-0.1165065169334411,0.7111655473709106,0.2884394526481628,0.6917672753334045,55
28,right ankle,-0.1732704639434814,0.6901164054870605,-0.0334931649267673,0.9913629293441772,55
29,left heel,-0.1424890905618667,0.7491236329078674,0.3088573217391968,0.7795330882072449,55
30,right heel,-0.197220429778099,0.7150671482086182,-0.0584185905754566,0.9470866322517396,55
31,left foot index,-0.0612646676599979,0.7866841554641724,0.3003062903881073,0.8108214735984802,55
32,right foot index,-0.1186611205339431,0.761076033115387,-0.1178843528032302,0.98811537027359,55
11,left shoulder,0.106973186135292,-0.4577358663082123,0.0580628253519535,0.999832272529602,56
12,right shoulder,-0.0674750208854675,-0.5317142009735107,-0.1346182823181152,0.9999906420707704,56
13,left elbow,0.081081785261631,-0.2775475978851318,0.1432064771652221,0.0089414380490779,56
14,right elbow,-0.2310526221990585,-0.2582218945026397,-0.2314004451036453,0.9728485345840454,56
15,left wrist,0.1488540768623352,-0.1639887243509292,0.1659364104270935,0.0113204503431916,56
16,right wrist,-0.12018284201622,-0.1313499808311462,-0.2874513566493988,0.8493819832801819,56
23,left hip,0.0407203212380409,0.0052274377085268,0.1050530448555946,0.9999881982803344,56
24,right hip,-0.03824008628726,-0.0099874353036284,-0.1029759347438812,0.9999958276748656,56
25,left knee,-0.0275816805660724,0.3822917938232422,0.1323767751455307,0.4683078527450561,56
26,right knee,0.0636652112007141,0.3338220417499542,-0.1589275300502777,0.9813352823257446,56
27,left ankle,-0.115628644824028,0.7212533950805664,0.2493665963411331,0.6924659609794617,56
28,right ankle,-0.1968428492546081,0.6834295392036438,-0.0347839631140232,0.9865893721580504,56
29,left heel,-0.142618179321289,0.7597671747207642,0.2684110701084137,0.7736701965332031,56
30,right heel,-0.2233102768659591,0.7068405747413635,-0.0577837489545345,0.9242571592330932,56
31,left foot index,-0.0640497058629989,0.7967854738235474,0.254007488489151,0.8118152022361755,56
32,right foot index,-0.151599109172821,0.7559109926223755,-0.1152196899056434,0.9829137921333312,56
11,left shoulder,0.1064607203006744,-0.4576950967311859,0.060440544039011,0.9998390078544616,57
12,right shoulder,-0.0673456043004989,-0.5345820784568787,-0.1343540996313095,0.9999909996986388,57
13,left elbow,0.0804858431220054,-0.2760498225688934,0.1349678039550781,0.0090625369921326,57
14,right elbow,-0.2309048324823379,-0.2592135965824127,-0.2307398170232772,0.9744296669960022,57
15,left wrist,0.1509971022605896,-0.1590584516525268,0.1219931170344352,0.0129074407741427,57
16,right wrist,-0.1202438026666641,-0.1308094263076782,-0.2821338474750519,0.859840989112854,57
23,left hip,0.042969349771738,0.0058847460895776,0.105094201862812,0.999987542629242,57
24,right hip,-0.0405021682381629,-0.0106424102559685,-0.1030077561736106,0.9999955892562866,57
25,left knee,-0.0227282028645277,0.3871433436870575,0.1276295930147171,0.4446956217288971,57
26,right knee,0.0071057290770113,0.3347705006599426,-0.1581250131130218,0.97947895526886,57
27,left ankle,-0.1138635650277137,0.7253833413124084,0.2466772347688675,0.6903485059738159,57
28,right ankle,-0.2096873074769973,0.6894359588623047,-0.0463869199156761,0.985534965991974,57
29,left heel,-0.140471264719963,0.7633677124977112,0.2658355236053467,0.7704495191574097,57
30,right heel,-0.226741224527359,0.7152419090270996,-0.0736354812979698,0.916059911251068,57
31,left foot index,-0.0519797168672084,0.7958584427833557,0.2486132234334945,0.8150433301925659,57
32,right foot index,-0.1284838616847992,0.7544249296188354,-0.1522712856531143,0.9817174673080444,57
11,left shoulder,0.110479712486267,-0.4574010670185089,0.0551247559487819,0.9998468160629272,58
12,right shoulder,-0.06593057513237,-0.5361785888671875,-0.1428474634885788,0.9999914169311525,58
13,left elbow,0.0880949795246124,-0.2660117447376251,0.126647338271141,0.0096244001761078,58
14,right elbow,-0.2296114712953567,-0.2629202604293823,-0.2316731512546539,0.9763749241828918,58
15,left wrist,0.1520203202962875,-0.1237446591258049,0.1174725741147995,0.0154123026877641,58
16,right wrist,-0.1201103627681732,-0.1325681954622268,-0.2890526354312897,0.8717313408851624,58
23,left hip,0.0441181883215904,0.0063268020749092,0.1052432581782341,0.9999862313270568,58
24,right hip,-0.0417220592498779,-0.0111192390322685,-0.1031684875488281,0.9999951720237732,58
25,left knee,-0.0234529543668031,0.3885517418384552,0.1408476382493972,0.4277452826499939,58
26,right knee,-0.0235907342284917,0.3313983082771301,-0.1318272352218628,0.9789817929267884,58
27,left ankle,-0.1045183390378952,0.7285714745521545,0.252770721912384,0.6979984641075134,58
28,right ankle,-0.2099742740392685,0.6906596422195435,-0.0413077510893344,0.9855210185050964,58
29,left heel,-0.1274815648794174,0.767467737197876,0.2761446535587311,0.7758880853652954,58
30,right heel,-0.2226380109786987,0.7177160382270813,-0.0703482329845428,0.9135382771492004,58
31,left foot index,-0.0272603873163461,0.7951741814613342,0.2728355228900909,0.8233227729797363,58
32,right foot index,-0.1131414920091629,0.7527774572372437,-0.1523127257823944,0.9816827774047852,58
11,left shoulder,0.1114296317100524,-0.4583397805690765,0.0414587371051311,0.9998542666435242,59
12,right shoulder,-0.0654232576489448,-0.5424913763999939,-0.1556137949228286,0.9999918341636658,59
13,left elbow,0.0859296321868896,-0.2687872946262359,0.1211555525660514,0.0106090120971202,59
14,right elbow,-0.2295517474412918,-0.2729042470455169,-0.2415416240692138,0.978284478187561,59
15,left wrist,0.1491450369358062,-0.1287542879581451,0.1213066205382347,0.0195483416318893,59
16,right wrist,-0.1198209449648857,-0.1370854377746582,-0.3023369610309601,0.8828380107879639,59
23,left hip,0.0450879670679569,0.0064604897052049,0.1052096933126449,0.9999856352806092,59
24,right hip,-0.0428618006408214,-0.0111994929611682,-0.10313281416893,0.999994933605194,59
25,left knee,-0.0235155429691076,0.3890826106071472,0.1534873992204666,0.4333913028240204,59
26,right knee,-0.0478056892752647,0.3292577862739563,-0.0801794752478599,0.9789141416549684,59
27,left ankle,-0.095857948064804,0.7219288349151611,0.2619588375091553,0.7180764675140381,59
28,right ankle,-0.2107233554124832,0.689874529838562,0.0373357720673084,0.9859206080436708,59
29,left heel,-0.1174276322126388,0.7600619196891785,0.2817694842815399,0.7891781330108643,59
30,right heel,-0.2204783260822296,0.7173908352851868,0.0100309494882822,0.9136702418327332,59
31,left foot index,-0.0126542747020721,0.7873326539993286,0.2839289307594299,0.836625874042511,59
32,right foot index,-0.1121452152729034,0.7518777847290039,-0.0775138586759567,0.9821202158927916,59
11,left shoulder,0.1170677244663238,-0.4586314857006073,0.0333221144974231,0.9998605847358704,60
12,right shoulder,-0.0616415292024612,-0.5436022877693176,-0.1644395589828491,0.9999921321868896,60
13,left elbow,0.0929518863558769,-0.2623715400695801,0.1053097322583198,0.0112671116366982,60
14,right elbow,-0.2256410866975784,-0.2749801576137543,-0.2438125014305114,0.9798874258995056,60
15,left wrist,0.1483891904354095,-0.1004151329398155,0.1017709299921989,0.0219060033559799,60
16,right wrist,-0.1183712631464004,-0.137570783495903,-0.3013416826725006,0.8930186033248901,60
23,left hip,0.0465248972177505,0.0065302029252052,0.1051457524299621,0.9999843835830688,60
24,right hip,-0.0443146340548992,-0.0112692704424262,-0.103118360042572,0.999994456768036,60
25,left knee,-0.0215206183493137,0.392322301864624,0.1537384390830993,0.4241267144680023,60
26,right knee,-0.0543948262929916,0.3302746117115021,-0.0809429660439491,0.9766989946365356,60
27,left ankle,-0.0877495408058166,0.7271483540534973,0.2674922049045563,0.7303520441055298,60
28,right ankle,-0.2040898501873016,0.695594847202301,0.0257605873048305,0.9854776263237,60
29,left heel,-0.1086126193404197,0.7649943232536316,0.2865314185619354,0.7960485219955444,60
30,right heel,-0.2118919193744659,0.7245157957077026,-0.0028741837013512,0.9083711504936218,60
31,left foot index,-0.0033259685151278,0.7890530824661255,0.2669163048267364,0.8460149765014648,60
32,right foot index,-0.104634590446949,0.7530316710472107,-0.0933891683816909,0.981486201286316,60
11,left shoulder,0.1192418113350868,-0.4592143595218658,0.0201250668615102,0.9998697638511658,61
12,right shoulder,-0.0586944594979286,-0.5454404354095459,-0.1723341792821884,0.9999921917915344,61
13,left elbow,0.096492126584053,-0.2518707811832428,0.0920433029532432,0.013015853241086,61
14,right elbow,-0.2245825827121734,-0.2860076427459717,-0.2446616888046264,0.9811150431632996,61
15,left wrist,0.1472879499197006,-0.0471979677677154,0.0990998446941375,0.0248820353299379,61
16,right wrist,-0.1183693706989288,-0.1432920843362808,-0.2970598042011261,0.9008347988128662,61
23,left hip,0.0476556569337844,0.0067084887996315,0.1042096018791198,0.9999831914901732,61
24,right hip,-0.0454709976911544,-0.01141819357872,-0.1024198904633522,0.9999937415122986,61
25,left knee,-0.0202821101993322,0.3949795961380005,0.1754429638385772,0.4107912182807922,61
26,right knee,-0.0748526975512504,0.3290782570838928,-0.0388730578124523,0.9704467058181764,61
27,left ankle,-0.0894407406449318,0.7235013842582703,0.3105805218219757,0.7367082238197327,61
28,right ankle,-0.2070235610008239,0.6960463523864746,0.1031669154763221,0.983600378036499,61
29,left heel,-0.1106689721345901,0.7602017521858215,0.3306249678134918,0.7964054942131042,61
30,right heel,-0.2124169468879699,0.7258137464523315,0.0766854658722877,0.8953750729560852,61
31,left foot index,-0.0098501313477754,0.7849931716918945,0.297928512096405,0.8513152599334717,61
32,right foot index,-0.1111903488636016,0.7524417042732239,-0.0180907137691974,0.9787390828132628,61
11,left shoulder,0.1185501590371131,-0.4595614075660705,0.0228310897946357,0.9998776912689208,62
12,right shoulder,-0.0533263757824897,-0.5464017987251282,-0.1710116565227508,0.9999923706054688,62
13,left elbow,0.0953721180558204,-0.2495330721139907,0.0974536091089248,0.0134422583505511,62
14,right elbow,-0.2225086838006973,-0.2908434271812439,-0.2445698678493499,0.9821874499320984,62
15,left wrist,0.1469959467649459,-0.0347943156957626,0.1085797324776649,0.0257375892251729,62
16,right wrist,-0.1169784888625145,-0.1457719802856445,-0.2952984273433685,0.9081815481185912,62
23,left hip,0.0477711111307144,0.0067814970389008,0.1037794351577758,0.9999816417694092,62
24,right hip,-0.0456022471189498,-0.0114579144865274,-0.1020707637071609,0.9999929666519164,62
25,left knee,-0.0162703059613704,0.3970251679420471,0.1786339282989502,0.3940092325210571,62
26,right knee,-0.0735203549265861,0.3281344473361969,-0.0278949029743671,0.9609910249710084,62
27,left ankle,-0.0782977864146232,0.7254416942596436,0.3143107295036316,0.7373915314674377,62
28,right ankle,-0.1973110139369964,0.6962788701057434,0.1192846596240997,0.980551302433014,62
29,left heel,-0.0987469255924224,0.761761486530304,0.3341673016548157,0.7930750846862793,62
30,right heel,-0.202144980430603,0.7265816330909729,0.092859148979187,0.8789969086647034,62
31,left foot index,0.0004847589880228,0.783938467502594,0.3005716204643249,0.8538537621498108,62
32,right foot index,-0.1008718609809875,0.7508492469787598,0.0019373696995899,0.9747714400291444,62
11,left shoulder,0.1176997199654579,-0.4651735424995422,0.0217384677380323,0.9998835325241088,63
12,right shoulder,-0.0490087792277336,-0.5473048686981201,-0.1693584620952606,0.9999924302101136,63
13,left elbow,0.1014975979924202,-0.3338789045810699,0.1724637597799301,0.0156940035521984,63
14,right elbow,-0.2220851331949234,-0.2890951335430145,-0.2434801459312439,0.983400285243988,63
15,left wrist,0.2464473843574524,-0.2915906012058258,0.3333951532840729,0.039223313331604,63
16,right wrist,-0.1132472604513168,-0.1467581987380981,-0.2925755083560943,0.914519727230072,63
23,left hip,0.0477878339588642,0.0068542542867362,0.1036798581480979,0.9999779462814332,63
24,right hip,-0.0457214228808879,-0.0115026729181408,-0.1019708067178726,0.9999911785125732,63
25,left knee,-0.0092877363786101,0.3967225551605224,0.1716956794261932,0.394969642162323,63
26,right knee,-0.0709452703595161,0.3279464244842529,-0.0335681140422821,0.9582343101501464,63
27,left ankle,-0.0702604502439498,0.7231272459030151,0.3137610256671905,0.745621383190155,63
28,right ankle,-0.1858871132135391,0.7004867196083069,0.1124536469578743,0.9800360202789308,63
29,left heel,-0.0923706963658332,0.758884072303772,0.3338906466960907,0.7983881831169128,63
30,right heel,-0.1914749443531036,0.7327398657798767,0.0868324860930442,0.8790510892868042,63
31,left foot index,0.0029519561212509,0.7828508615493774,0.3009792864322662,0.8600826263427734,63
32,right foot index,-0.0894490927457809,0.7528882622718811,0.0076243598014116,0.974074363708496,63
