frame,x,y,z,joint_name,label
0,-0.006593932724827778,0.07809152042236914,0.24315294107317573,nose,correct
0,-0.02265065695195574,-1.734723475976807e-18,0.19517661866954805,upper spine,correct
0,-0.08325867005125193,-0.002375674924208135,0.19515620731377537,right shoulder,correct
0,-0.1006474853043975,0.09911566854988747,0.18601342795781528,right elbow,correct
0,-0.11109122139109454,0.19318905158070138,0.20877049583019144,right hand,correct
0,0.03253640562622434,-0.002375674924208134,0.19515620731377537,left shoulder,correct
0,0.06089557422391689,0.10240896661117556,0.19239401507913015,left elbow,correct
0,0.08624661814168953,0.18893330062889893,0.22282014986080548,left hand,correct
0,0.0,0.0,0.0,lower spine,correct
0,-0.03759003539583919,-0.006832711292776559,-0.010280540639637159,right hip,correct
0,-0.0353009272311422,0.11571431062561997,-0.08022950755432796,right knee,correct
0,-0.050406274694228044,0.11845569509851513,-0.215758433592352,right foot,correct
0,0.04345496654138141,0.005187569500487384,0.004745229824294523,left hip,correct
0,0.08631775235567249,0.1201836274150769,-0.06675441118481715,left knee,correct
0,0.11286302225938184,0.10899930834025828,-0.21181208484302538,left foot,correct
1,-0.008318068386790743,0.07838049755439501,0.24281600140512843,nose,correct
1,-0.02461078017159178,0.0,0.19517661866954808,upper spine,correct
1,-0.08522233532721293,-0.002276135893638712,0.19537934333952683,right shoulder,correct
1,-0.10269984886136169,0.09904969162003675,0.1835608089639221,right elbow,correct
1,-0.11269935596317995,0.19298876469544332,0.20755066209223488,right hand,correct
1,0.030580172370889343,-0.0022761358936387124,0.19537934333952683,left shoulder,correct
1,0.059432473720983064,0.10247923495183343,0.19187994086569574,left elbow,correct
1,0.08481998459961017,0.18893655404969847,0.2228032251640937,left hand,correct
1,0.0,0.0,0.0,lower spine,correct
1,-0.037343740055029606,-0.006976010210094273,-0.011083379805698403,right hip,correct
1,-0.03205825644452155,0.11129051514882975,-0.08821831516280075,right knee,correct
1,-0.04597555639378413,0.12141402654091156,-0.22369364638228065,right foot,correct
1,0.04356203850662911,0.003619829413340424,0.005194174182888993,left hip,correct
1,0.08631603343172775,0.11563632242312502,-0.07124778717641403,left knee,correct
1,0.11561875842511274,0.11142005588849736,-0.21631625465587626,left foot,correct
2,-0.009063754822434059,0.078785886822954,0.24210536863657608,nose,correct
2,-0.025891142648890336,1.734723475976807e-18,0.19517661866954808,upper spine,correct
2,-0.0864996905774548,-0.0023169743851909324,0.19565995103646194,right shoulder,correct
2,-0.10429706825586665,0.09876923780337504,0.18170738433507577,right elbow,correct
2,-0.11397248912453058,0.19258589786441088,0.20663184825373315,right hand,correct
2,0.029296507293579552,-0.002316974385190931,0.19565995103646194,left shoulder,correct
2,0.05853184446028539,0.10238513431537762,0.19121749972985663,left elbow,correct
2,0.08393054112540779,0.18883546228532513,0.22238555120564704,left hand,correct
2,0.0,0.0,0.0,lower spine,correct
2,-0.0370700357949501,-0.007238779715255826,-0.011837847064918455,right hip,correct
2,-0.028871371641891297,0.1061831250398567,-0.0959015272814573,right knee,correct
2,-0.041513109084404747,0.12305465615111506,-0.2309488351762239,right foot,correct
2,0.04361696761498689,0.002358322950908592,0.005451214187810515,left hip,correct
2,0.08528283173700982,0.11122764166343263,-0.07618101689892992,left knee,correct
2,0.11667312742599725,0.1136247702867363,-0.22097159891649196,left foot,correct
3,-0.008818996250688667,0.07925390533705422,0.2411330243920228,nose,correct
3,-0.02622881170074287,1.734723475976807e-18,0.195176618669548,upper spine,correct
3,-0.08683198274831404,-0.0024143812611732603,0.19583926998534365,right shoulder,correct
3,-0.10498024855064625,0.09840817155351832,0.18034850852855117,right elbow,correct
3,-0.11444050503935338,0.19213557433099307,0.20577674061333734,right hand,correct
3,0.02895293315373477,-0.002414381261173262,0.19583926998534368,left shoulder,correct
3,0.058431138762734196,0.10218894881087838,0.1902665282907522,left elbow,correct
3,0.08383513723773373,0.18867431414981922,0.22139669527661532,left hand,correct
3,0.0,0.0,0.0,lower spine,correct
3,-0.036771087828612874,-0.007664496886244856,-0.012504449921644801,right hip,correct
3,-0.02571211159172041,0.10035000232282172,-0.1031542176361068,right knee,correct
3,-0.03732672611092534,0.12303040349849413,-0.23747514115793739,right foot,correct
3,0.04366001083485811,0.001637351058683388,0.005365382514657289,left hip,correct
3,0.08341504211177343,0.1071140895400656,-0.08157230945371663,left knee,correct
3,0.11617461850754848,0.11548836863134168,-0.225864866218925,left foot,correct
4,-0.007638648557655871,0.0796535587248771,0.24013981615709185,nose,correct
4,-0.025585572839413824,1.734723475976807e-18,0.195176618669548,upper spine,correct
4,-0.08618574892905354,-0.002496765385027074,0.1958077066164773,right shoulder,correct
4,-0.10471208578378655,0.09806601653544127,0.17940932646729785,right elbow,correct
4,-0.11404770985367986,0.19171033320208475,0.20502476157620353,right hand,correct
4,0.029592882795542483,-0.002496765385027076,0.19580770661647728,left shoulder,correct
4,0.05915263329776563,0.10196470331511516,0.18902191294471443,left elbow,correct
4,0.0845685241523893,0.18851426941627392,0.21984142186523867,left hand,correct
4,0.0,0.0,0.0,lower spine,correct
4,-0.036496886345983505,-0.008206799702838379,-0.012961643037817466,right hip,correct
4,-0.022663527926050062,0.09396254699406688,-0.10969822947742414,right knee,correct
4,-0.03401638820206729,0.1216305195130947,-0.24304211592131242,right foot,correct
4,0.04369515771629582,0.0014932358977360572,0.005107498031957619,left hip,correct
4,0.08107973601781146,0.10314893429636462,-0.08719117107004722,left knee,correct
4,0.11478881332707605,0.11648445532565863,-0.23082202360078566,left foot,correct
5,-0.006946356265849413,0.08002202654462423,0.23932998300900596,nose,correct
5,-0.025109708853834872,3.469446951953614e-18,0.19517661866954805,upper spine,correct
5,-0.08570426621915944,-0.0026325467814702786,0.1958010834849322,right shoulder,correct
5,-0.10432769558381144,0.09772693031567023,0.17849783346834458,right elbow,correct
5,-0.11360264129425304,0.1913878180731914,0.20395614378059093,right hand,correct
5,0.03006257591363794,-0.0026325467814702808,0.19580108348493222,left shoulder,correct
5,0.0597483500706521,0.10169264944818336,0.188064775388174,left elbow,correct
5,0.085123127270545,0.18834810300990792,0.21853098567331902,left hand,correct
5,0.0,0.0,0.0,lower spine,correct
5,-0.03626919623408326,-0.008604633229112982,-0.01334209271933445,right hip,correct
5,-0.019384915610188947,0.0876763143506614,-0.11541304657659429,right knee,correct
5,-0.030462279561620516,0.11956602911323674,-0.24778938802200412,right foot,correct
5,0.04369522744619555,0.0017419474098921547,0.005025681908400446,left hip,correct
5,0.07906687210238071,0.09929487542557242,-0.0923043221963667,left knee,correct
5,0.11459451775531694,0.11627209246524785,-0.23505586315049445,left foot,correct
6,-0.007811085719540846,0.08042275456635961,0.23875812377047828,nose,correct
6,-0.025805528535828022,-3.469446951953614e-18,0.19517661866954805,upper spine,correct
6,-0.08638975655733448,-0.002782595193573661,0.1961030741023632,right shoulder,correct
6,-0.10444799281658772,0.0974681798565424,0.177338014097222,right elbow,correct
6,-0.11348922948639575,0.19129643346645805,0.20243821643489085,right hand,correct
6,0.02935541153162722,-0.0027825951935736607,0.1961030741023632,left shoulder,correct
6,0.05966839055548556,0.10137111396799826,0.18787752787667564,left elbow,correct
6,0.08512134063705681,0.18812028312359952,0.2181410648505098,left hand,correct
6,0.0,0.0,0.0,lower spine,correct
6,-0.03604109776026571,-0.008673746843982543,-0.013922757549120125,right hip,correct
6,-0.015527559885279898,0.08204200651307504,-0.12041053972164383,right knee,correct
6,-0.02557826473841572,0.11760441727824544,-0.2519985008923484,right foot,correct
6,0.043645665715181005,0.0020473067302186967,0.00534162508261854,left hip,correct
6,0.07829899593224571,0.0953178639852973,-0.09643988795819418,left knee,correct
6,0.11751786298749858,0.11434195609333152,-0.2380133995608364,left foot,correct
7,-0.010454635866421487,0.08081110420564382,0.23855901702005258,nose,correct
7,-0.02789076633634207,1.734723475976807e-18,0.19517661866954802,upper spine,correct
7,-0.08845418825755447,-0.002925156035631279,0.19680252807966417,right shoulder,correct
7,-0.10532660097925899,0.09729558275474993,0.1760264123623801,right elbow,correct
7,-0.11397578548170159,0.19144692291274432,0.20061651899416233,right hand,correct
7,0.027247321216367755,-0.0029251560356312813,0.19680252807966414,left shoulder,correct
7,0.05855090621461369,0.10109695478860735,0.18870942510703936,left elbow,correct
7,0.0841453383606996,0.18798397343950346,0.21887400574395288,left hand,correct
7,0.0,0.0,0.0,lower spine,correct
7,-0.03590429764085583,-0.008271724883893331,-0.014543394546802419,right hip,correct
7,-0.011485132287032754,0.0774341054703496,-0.12455737484949758,right knee,correct
7,-0.019499203517029752,0.11627054841757664,-0.2555730857453492,right foot,correct
7,0.04354654594895504,0.0023621324053019017,0.0060054624950266495,left hip,correct
7,0.0789388885674038,0.09155419104498154,-0.09938900512983254,left knee,correct
7,0.12358174308316117,0.11128893204749288,-0.2394332654185516,left foot,correct
8,-0.01442458657622682,0.08117034350709709,0.238727989095026,nose,correct
8,-0.030931009395958005,-1.734723475976807e-18,0.19517661866954805,upper spine,correct
8,-0.09144806999023178,-0.00304369765342429,0.19796014574519588,right shoulder,correct
8,-0.10672619528761665,0.09715541601029531,0.17474367009503225,right elbow,correct
8,-0.11483838168385077,0.19172548464908964,0.19883684939999546,right hand,correct
8,0.024156151060308988,-0.003043697653424289,0.19796014574519588,left shoulder,correct
8,0.05668545656287846,0.10088435560497534,0.19039561016685386,left elbow,correct
8,0.08243721038827949,0.18796472313698606,0.22054050581282386,left hand,correct
8,0.0,0.0,0.0,lower spine,correct
8,-0.03582042067640891,-0.0073924978384041105,-0.015257842882136233,right hip,correct
8,-0.007747935152889501,0.07396865313021589,-0.12806685359849018,right knee,correct
8,-0.01281624953549091,0.1154698378796604,-0.25875919718302187,right foot,correct
8,0.04343961174558836,0.0025508904657146688,0.006699266834467461,left hip,correct
8,0.08055449305192088,0.08815116690873068,-0.10146493156189793,left knee,correct
8,0.13130237860128335,0.107730925640732,-0.23973076135277682,left foot,correct
9,-0.01898037893275635,0.08139978458823835,0.23931506489905624,nose,correct
9,-0.034344899631221205,0.0,0.19517661866954805,upper spine,correct
9,-0.0947793641814777,-0.0031323844975019253,0.19937332325853002,right shoulder,correct
9,-0.1083816991652155,0.09702270735550159,0.1736511267287149,right elbow,correct
9,-0.11602845265059648,0.19205658218632315,0.19726479535436306,right hand,correct
9,0.02065151052107613,-0.003132384497501924,0.19937332325853002,left shoulder,correct
9,0.054256059529547374,0.10081964379747471,0.19270959724669406,left elbow,correct
9,0.08006268803620797,0.18815482945889503,0.22291909287795944,left hand,correct
9,0.0,0.0,0.0,lower spine,correct
9,-0.03577065178130747,-0.006186913382416191,-0.015955721350792207,right hip,correct
9,-0.004773996916284919,0.07157478350996813,-0.13100860412209867,right knee,correct
9,-0.006219550100122408,0.11493952225431392,-0.2616232962886833,right foot,correct
9,0.04336409058691835,0.002754302210173794,0.007132758620975959,left hip,correct
9,0.08279829804492306,0.08539623415359157,-0.1029983379534255,left knee,correct
9,0.13932340616376154,0.10455529630227164,-0.23942383514558935,left foot,correct
10,-0.022883497726239738,0.08150061826016274,0.24005530481902568,nose,correct
10,-0.03700591181685341,-8.673617379884035e-19,0.19517661866954802,upper spine,correct
10,-0.09734808313855187,-0.0031599213186834403,0.20057507853088852,right shoulder,correct
10,-0.10975359143970614,0.09689095545004335,0.17282504175661947,right elbow,correct
10,-0.11713413019910628,0.19231190632560116,0.19601145626679675,right hand,correct
10,0.017889063034955282,-0.003159921318683439,0.2005750785308885,left shoulder,correct
10,0.05213812790444483,0.10090122318565387,0.19487939534069182,left elbow,correct
10,0.077842433016396,0.1885022402887824,0.2251404167143451,left hand,correct
10,0.0,0.0,0.0,lower spine,correct
10,-0.03578408125181945,-0.004924155045766911,-0.01640527241557791,right hip,correct
10,-0.003100409787408935,0.06984866125613605,-0.13337251548707896,right knee,correct
10,-0.0010424915693957593,0.1142348173762785,-0.26401043282467895,right foot,correct
10,0.043319997087170596,0.0029664703994017497,0.007343668224939944,left hip,correct
10,0.08488759691933051,0.08314988887871626,-0.10422662249437946,left knee,correct
10,0.14534638414563905,0.10251449493545875,-0.2392258164675257,left foot,correct
11,-0.025790471213812022,0.08148304521874845,0.24081700262930145,nose,correct
11,-0.038504264725199314,-8.673617379884035e-19,0.19517661866954802,upper spine,correct
11,-0.0987789076314037,-0.0031727133952145423,0.2013132446298922,right shoulder,correct
11,-0.11085692490201024,0.09671233557326676,0.17224648096129033,right elbow,correct
11,-0.11838838553186151,0.19239511413081456,0.19494077907856608,right hand,correct
11,0.016316472242064776,-0.003172713395214542,0.20131324462989217,left shoulder,correct
11,0.05049903046746959,0.10111354515022951,0.19643073993541638,left elbow,correct
11,0.07574702454436363,0.18899017585033887,0.22673093560091082,left hand,correct
11,0.0,0.0,0.0,lower spine,correct
11,-0.03582661022748443,-0.00387772017548145,-0.016615695413056034,right hip,correct
11,-0.0029360268643622046,0.06841163011417056,-0.1353254254113001,right knee,correct
11,0.0018804257393025894,0.11314294169809302,-0.2659952520669422,right foot,correct
11,0.04331507482313918,0.0032984136525416154,0.007244821644608839,left hip,correct
11,0.086240535797554,0.08146524969402306,-0.10547703642355409,left knee,correct
11,0.14883006361385592,0.10165267861962562,-0.2395550591414058,left foot,correct
12,-0.02792823450716179,0.0814303681949593,0.24144722743177346,nose,correct
12,-0.03911277378072035,0.0,0.19517661866954808,upper spine,correct
12,-0.09937633780461179,-0.003173669807020902,0.2014300222779059,right shoulder,correct
12,-0.11210419254635096,0.09651023230015059,0.17172810169952613,right elbow,correct
12,-0.12025558525921354,0.19233848662167213,0.1938534971379211,right hand,correct
12,0.01569578187462569,-0.0031736698070209046,0.20143002227790593,left shoulder,correct
12,0.04911236526156534,0.10146601973030571,0.19718471132379675,left elbow,correct
12,0.07344379825082939,0.18962318853692622,0.22763504008670668,left hand,correct
12,0.0,0.0,0.0,lower spine,correct
12,-0.035900886824052125,-0.0033331805929644296,-0.01657810059101447,right hip,correct
12,-0.004129870184901133,0.06720255758843395,-0.136756446408646,right knee,correct
12,0.0026791019661682527,0.11177131868316635,-0.26748374489264576,right foot,correct
12,0.04330444725248239,0.0036573014262011472,0.007143671492033842,left hip,correct
12,0.08678072787075057,0.08035802974906618,-0.10646967386602248,left knee,correct
12,0.15016239041786333,0.10173575223536487,-0.24006319141026292,left foot,correct
13,-0.02897669587853799,0.0813797037412022,0.2417926485700834,nose,correct
13,-0.03885135220452396,0.0,0.19517661866954802,upper spine,correct
13,-0.09916749178125547,-0.003176684114662348,0.20087375934899487,right shoulder,correct
13,-0.11337052765703853,0.09631550264555663,0.1713272749952847,right elbow,correct
13,-0.12246398694157815,0.19216991804541836,0.1928264318275843,right hand,correct
13,0.016015006501000316,-0.0031766841146623464,0.2008737593489949,left shoulder,correct
13,0.048198439123807627,0.10185192290880299,0.19705260198970181,left elbow,correct
13,0.07132374780697898,0.19025196973007416,0.2276972548535904,left hand,correct
13,0.0,0.0,0.0,lower spine,correct
13,-0.035993362126293754,-0.003322026575020419,-0.0163653781429653,right hip,correct
13,-0.006469101098932603,0.06612763893941491,-0.1377220780113815,right knee,correct
13,0.0014104802734277444,0.11031753636154826,-0.26847471502999654,right foot,correct
13,0.04331087562128976,0.0039960074901608375,0.006915502167154513,left hip,correct
13,0.0863441172888619,0.07984390862913605,-0.10739779392660992,left knee,correct
13,0.14934826558734132,0.10257723366253375,-0.2409152626148598,left foot,correct
14,-0.028279102823782182,0.08124488524996545,0.24190427268388792,nose,correct
14,-0.03722313424440561,8.673617379884035e-19,0.195176618669548,upper spine,correct
14,-0.09764207228004328,-0.00310520575487417,0.19963565542330852,right shoulder,correct
14,-0.11420733208656926,0.0962128184460961,0.1714248793553763,right elbow,correct
14,-0.12435731447555523,0.19189766081290616,0.19242563935852075,right hand,correct
14,0.01775621367386024,-0.0031052057548741703,0.19963565542330855,left shoulder,correct
14,0.04835690392574901,0.10224272621089603,0.19599241838198067,left elbow,correct
14,0.07021889687518164,0.19076722620910072,0.22675792795443642,left hand,correct
14,0.0,0.0,0.0,lower spine,correct
14,-0.03613711938667399,-0.0038020949673536423,-0.01589666308134906,right hip,correct
14,-0.010158953011799182,0.06522623249000735,-0.13806077398388655,right knee,correct
14,-0.0026230293848043887,0.10901822208781013,-0.26872247803106325,right foot,correct
14,0.043349208273146644,0.004350579385747871,0.006418890295328624,left hip,correct
14,0.0845720575074537,0.07994176693905765,-0.10847755877946483,left knee,correct
14,0.14621705986378203,0.10363119430573442,-0.24225514635425313,left foot,correct
15,-0.025729879232595607,0.08094324448951372,0.24196635260017052,nose,correct
15,-0.03438437663860919,-1.734723475976807e-18,0.19517661866954808,upper spine,correct
15,-0.09490142576215477,-0.003021874735607978,0.19800253112798458,right shoulder,correct
15,-0.11420803666868878,0.09614497906662614,0.17220213506744936,right elbow,correct
15,-0.12531823683282553,0.1915070917315418,0.19290890991850482,right hand,correct
15,0.020702771216268262,-0.003021874735607976,0.19800253112798455,left shoulder,correct
15,0.04975056208993214,0.10249149311967583,0.1944259256784219,left elbow,correct
15,0.07056991286564201,0.1909987216359015,0.22520142603728835,left hand,correct
15,0.0,0.0,0.0,lower spine,correct
15,-0.03632884660280605,-0.004470732383877079,-0.015210600959686533,right hip,correct
15,-0.014687672590440418,0.06466614070857063,-0.13774134458432952,right knee,correct
15,-0.008664089293291245,0.1082406209332323,-0.2681563212374694,right foot,correct
15,0.043424464291019725,0.004756633777207564,0.0055166640465598975,left hip,correct
15,0.08181741240461299,0.08057056800145052,-0.10979084747701784,left knee,correct
15,0.14167007963176456,0.10463892448742247,-0.24396028326644925,left foot,correct
16,-0.021584536660088076,0.08051213236686967,0.242025054163418,nose,correct
16,-0.030531697700956484,3.469446951953614e-18,0.19517661866954805,upper spine,correct
16,-0.09110654995703525,-0.0029286291975934922,0.19629481679916655,right shoulder,correct
16,-0.11296872019091783,0.09610955058929839,0.17365299559648484,right elbow,correct
16,-0.12475160941385445,0.19105584949421628,0.19434185136180965,right hand,correct
16,0.024618944634462188,-0.0029286291975934927,0.19629481679916655,left shoulder,correct
16,0.05239809519106738,0.10257909118817514,0.19270694244304507,left elbow,correct
16,0.07266861788319728,0.19092425650973066,0.2233633486993052,left hand,correct
16,0.0,0.0,0.0,lower spine,correct
16,-0.036533642565696745,-0.005094979224976788,-0.014436175475385019,right hip,correct
16,-0.019444101135504106,0.0644310085510335,-0.13694056180928937,right knee,correct
16,-0.0158614937817328,0.10800724642132344,-0.2669586592169023,right foot,correct
16,0.04350688941476638,0.005148532292106183,0.004341613112392171,left hip,correct
16,0.07855908053346697,0.08136537265405455,-0.11123485843127863,left knee,correct
16,0.1365008249725837,0.10514058032218018,-0.2458497008112179,left foot,correct
17,-0.016889652695929527,0.08005063484086647,0.24211633526013973,nose,correct
17,-0.026451233590125633,-1.734723475976807e-18,0.19517661866954802,upper spine,correct
17,-0.08703661709061272,-0.0028833115398993123,0.19478571861227864,right shoulder,correct
17,-0.11084984049612356,0.09606411299581961,0.17540375151704843,right elbow,correct
17,-0.12300554949174858,0.1906133205903245,0.19627163707314144,right hand,correct
17,0.02871097555766495,-0.002883311539899313,0.19478571861227864,left shoulder,correct
17,0.05559925256473728,0.10253190372784744,0.1912220954019276,left elbow,correct
17,0.07577723291606743,0.19064684222947537,0.22171602971445065,left hand,correct
17,0.0,0.0,0.0,lower spine,correct
17,-0.03678228193865716,-0.0054190464466075065,-0.013600306891920077,right hip,correct
17,-0.02366121662544558,0.0645677834926325,-0.13583693144952697,right knee,correct
17,-0.02271724832411292,0.10837688252138827,-0.265373042392067,right foot,correct
17,0.04355050301311682,0.005551618284209607,0.003222819653922562,left hip,correct
17,0.07558091322580718,0.0821093221428168,-0.11250603409140202,left knee,correct
17,0.1318061293110674,0.10526573087442491,-0.24753804045187278,left foot,correct
18,-0.012555088561748265,0.07961711538671495,0.24225870069531696,nose,correct
18,-0.02288587315871239,0.0,0.19517661866954814,upper spine,correct
18,-0.0834530980417215,-0.002952790476586375,0.1937843863929281,right shoulder,correct
18,-0.10842285333469201,0.0959580259242755,0.17710806905265375,right elbow,correct
18,-0.1206660198180443,0.19020106040626253,0.1982555041689452,right hand,correct
18,0.03225639152267787,-0.002952790476586374,0.1937843863929281,left shoulder,correct
18,0.05866938795191973,0.1023356739397761,0.19017819592348184,left elbow,correct
18,0.07913740536567575,0.19021437608914737,0.22048985687577455,left hand,correct
18,0.0,0.0,0.0,lower spine,correct
18,-0.03702299210162844,-0.005430213880196716,-0.012877512150623938,right hip,correct
18,-0.026836846193593278,0.06491263131134528,-0.13481315113970463,right knee,correct
18,-0.028213009747826083,0.10905947492975679,-0.2638919337827005,right foot,correct
18,0.04356759704712846,0.005817601127026886,0.002379003162984448,left hip,correct
18,0.07333598763661071,0.08251677794868952,-0.1134789953277054,left knee,correct
18,0.1282983042028129,0.10495842172230696,-0.24883308585928862,left foot,correct
19,-0.00962672836099586,0.07941931601377293,0.24221426736656193,nose,correct
19,-0.020539261611828556,0.0,0.19517661866954805,upper spine,correct
19,-0.0810869227738441,-0.0030459975966822556,0.19324107096594134,right shoulder,correct
19,-0.10660694668450126,0.09584474246983725,0.17818249635312622,right elbow,correct
19,-0.11887351734643721,0.18989974222511577,0.19955551492103077,right hand,correct
19,0.03458151393019143,-0.003045997596682258,0.19324107096594134,left shoulder,correct
19,0.06073189511165347,0.10216415923706883,0.18957703355648703,left elbow,correct
19,0.08154834753253691,0.18988361090949474,0.21972400528999977,left hand,correct
19,0.0,0.0,0.0,lower spine,correct
19,-0.03721483820620162,-0.005195098467447446,-0.012385412314831964,right hip,correct
19,-0.0286816871812882,0.06528190752652305,-0.134151967937709,right knee,correct
19,-0.031517131657733816,0.10961653110350715,-0.26294700675989074,right foot,correct
19,0.04358561860806062,0.005929968062887454,0.001626202521873045,left hip,correct
19,0.07208946302761478,0.08265932989195096,-0.11430798520863995,left knee,correct
19,0.12662444823657323,0.10434280199832921,-0.2497722995240085,left foot,correct
20,-0.008395533690340705,0.07949024906313618,0.24192335525692074,nose,correct
20,-0.019670065742290473,1.734723475976807e-18,0.19517661866954805,upper spine,correct
20,-0.08020982271418042,-0.003171514124822101,0.19319651990586065,right shoulder,correct
20,-0.10584829155555395,0.09568833749547112,0.17844956192796005,right elbow,correct
20,-0.11819293948295018,0.18965365326103417,0.19996941691892392,right hand,correct
20,0.035442027289810926,-0.0031715141248221035,0.19319651990586065,left shoulder,correct
20,0.06146234534080226,0.10201646161621401,0.18936573367124312,left elbow,correct
20,0.08251668493148694,0.18968410577490435,0.2193638854970034,left hand,correct
20,0.0,0.0,0.0,lower spine,correct
20,-0.037354416281339016,-0.004874608406748284,-0.012080705697631809,right hip,correct
20,-0.029155917991127905,0.06544233931316712,-0.13388768143526483,right knee,correct
20,-0.032329019341817644,0.1097145679085598,-0.26262945387905373,right foot,correct
20,0.04362155827882636,0.005808960176380238,0.0009293201522380112,left hip,correct
20,0.07175671590795135,0.08257424295023018,-0.11499480900001383,left knee,correct
20,0.12641213869817458,0.10383760488013685,-0.25041228479118566,left foot,correct
21,-0.007984745737421792,0.0797460608794791,0.241410622514686,nose,correct
21,-0.019492836214496483,-3.469446951953614e-18,0.19517661866954814,upper spine,correct
21,-0.0800352083257547,-0.003234510175343784,0.19338921069338272,right shoulder,correct
21,-0.10572947050815336,0.09553682643418301,0.17821572942640615,right elbow,correct
21,-0.11828168687943044,0.18944701432580488,0.19981506441328423,right hand,correct
21,0.03562212949375339,-0.0032345101753437845,0.1933892106933827,left shoulder,correct
21,0.0614439565464011,0.10197953521734487,0.18920057234415943,left elbow,correct
21,0.08253103811093059,0.18968410722809279,0.2190408007986192,left hand,correct
21,0.0,0.0,0.0,lower spine,correct
21,-0.037499018214034306,-0.004480654753655761,-0.011775599965366557,right hip,correct
21,-0.029003607507463485,0.06541193817863358,-0.13379113511013638,right knee,correct
21,-0.031983616667094476,0.10938571643324636,-0.2626265729806657,right foot,correct
21,0.0436554740192793,0.005622401347109511,-4.23075744646062e-07,left hip,correct
21,0.07163563219049138,0.0825907249496673,-0.11581241419638738,left knee,correct
21,0.12672849910546707,0.10357540902327698,-0.2510814639384051,left foot,correct
22,-0.009455588007114421,0.08019989559713446,0.24078613772891297,nose,correct
22,-0.02083185795284647,1.734723475976807e-18,0.19517661866954797,upper spine,correct
22,-0.08138770569933942,-0.0032546352781407956,0.1939794831895344,right shoulder,correct
22,-0.10676725082540296,0.09541754412613625,0.1772346592043534,right elbow,correct
22,-0.1197203621019319,0.18937179630343123,0.19871078215700555,right hand,correct
22,0.03429791005373904,-0.0032546352781407965,0.19397948318953437,left shoulder,correct
22,0.0599527031625173,0.1020593286597803,0.1893856364606118,left elbow,correct
22,0.08074912285602015,0.18991787521934017,0.21918541104264563,left hand,correct
22,0.0,0.0,0.0,lower spine,correct
22,-0.037586515921487644,-0.0041292451202728534,-0.011630667919312025,right hip,correct
22,-0.02768880977813072,0.0651477963964113,-0.13400597854151192,right knee,correct
22,-0.029409096247004163,0.10865833772434949,-0.2631247467043678,right foot,correct
22,0.04368596764679916,0.005321461531892566,-0.0008029443682514084,left hip,correct
22,0.07220302260255619,0.08266717419408379,-0.11635043360669119,left knee,correct
22,0.1286761057119335,0.10342303760932631,-0.25117763201037224,left foot,correct
23,-0.012541915522910674,0.08075084213096682,0.2402060078657945,nose,correct
23,-0.02351767895544915,1.734723475976807e-18,0.19517661866954808,upper spine,correct
23,-0.08408312129685819,-0.003291007440348645,0.19494428168864522,right shoulder,correct
23,-0.10861756901534762,0.09530146559112933,0.1756907601756715,right elbow,correct
23,-0.12211130658080385,0.18941316289812393,0.19682314193723602,right hand,correct
23,0.03162262780987494,-0.0032910074403486467,0.19494428168864522,left shoulder,correct
23,0.05722086838549642,0.10218584523845727,0.18994754896498156,left elbow,correct
23,0.0774937419106055,0.19027453825393773,0.21989185361584918,left hand,correct
23,0.0,0.0,0.0,lower spine,correct
23,-0.03763821517243429,-0.0038231450354456126,-0.011586354779533724,right hip,correct
23,-0.02530366826557231,0.06477246144218463,-0.13437657548019757,right knee,correct
23,-0.024973004069044867,0.10782748314527059,-0.263886751788078,right foot,correct
23,0.04372180587309092,0.004974126068498311,-0.0010648702453767058,left hip,correct
23,0.07353451129698102,0.08277574853993078,-0.1162392815430483,left knee,correct
23,0.13215014680607573,0.10334667208822981,-0.2503841502110534,left foot,correct
24,-0.016904006782856293,0.08129732924212223,0.23986028020680247,nose,correct
24,-0.027193431284594748,-1.734723475976807e-18,0.195176618669548,upper spine,correct
24,-0.08774836838949807,-0.003353589488096961,0.19617163155992154,right shoulder,correct
24,-0.11086680865245599,0.09519626502187496,0.1738497055203785,right elbow,correct
24,-0.12487192016908166,0.18957981418394576,0.19452383977202892,right hand,correct
24,0.027935336450067134,-0.003353589488096961,0.19617163155992154,left shoulder,correct
24,0.05360583670976921,0.1023556152086351,0.19090277458997928,left elbow,correct
24,0.07324136340791358,0.1907181785224453,0.22119256075438226,left hand,correct
24,0.0,0.0,0.0,lower spine,correct
24,-0.03765930310387649,-0.003589661833755506,-0.01162316235495657,right hip,correct
24,-0.02209407451788993,0.06433797877081553,-0.13481175434467374,right knee,correct
24,-0.01926665452153218,0.10712945505619346,-0.2647364149420724,right foot,correct
24,0.04376680397422525,0.0046472420409226466,-0.0006272054513442871,left hip,correct
24,0.07554682172786258,0.08283986323091254,-0.11541823326902369,left knee,correct
24,0.13685918876190892,0.1032005022626398,-0.2487056831643492,left foot,correct
25,-0.02155148024014315,0.08173780142916796,0.23980977859861694,nose,correct
25,-0.031209843609444482,0.0,0.19517661866954814,upper spine,correct
25,-0.09172425734795242,-0.003496633166044899,0.19743988512725755,right shoulder,correct
25,-0.11300325301881099,0.09507039153666548,0.1720781873517835,right elbow,correct
25,-0.12737542277172242,0.18980699811994806,0.19230082479345165,right hand,correct
25,0.023874409079312382,-0.003496633166044898,0.19743988512725755,left shoulder,correct
25,0.04984878101486337,0.10246726339399834,0.19209813519224994,left elbow,correct
25,0.06890894826686556,0.19108968264658022,0.22291156143853533,left hand,correct
25,0.0,0.0,0.0,lower spine,correct
25,-0.037642461905812365,-0.003293795309712551,-0.011805553375346804,right hip,correct
25,-0.018626537601633034,0.06416710808428858,-0.13526087396823144,right knee,correct
25,-0.013340428845470001,0.10703335842560374,-0.2655366743342791,right foot,correct
25,0.04378363355594741,0.004501268552177776,0.0005963961037061443,left hip,correct
25,0.07797149412673014,0.08290819402007116,-0.11386896036432748,left knee,correct
25,0.1418166027383444,0.10328209444304803,-0.24636265837948718,left foot,correct
26,-0.02544902200731476,0.08201608349492318,0.23999469242599314,nose,correct
26,-0.03467287757252985,-1.734723475976807e-18,0.19517661866954805,upper spine,correct
26,-0.09512721072214417,-0.0036953584797334883,0.19853893218484683,right shoulder,correct
26,-0.11450750386751643,0.09494064268867644,0.17072901542666075,right elbow,correct
26,-0.12896910930722888,0.19000998304049757,0.19075829307711456,right hand,correct
26,0.02034536504506073,-0.0036953584797334866,0.19853893218484683,left shoulder,correct
26,0.04679161911842662,0.10247920031267714,0.1932550267167222,left elbow,correct
26,0.06551732219473273,0.19127177953601385,0.22466795664877784,left hand,correct
26,0.0,0.0,0.0,lower spine,correct
26,-0.037616289876141185,-0.0029052338139615727,-0.012030905265381833,right hip,correct
26,-0.015514925719169511,0.0643149253784966,-0.135582692446633,right knee,correct
26,-0.008357529544587572,0.10758907614301978,-0.2660776273464284,right foot,correct
26,0.04372624825847305,0.0045541571255313,0.0022780896970579613,left hip,correct
26,0.08021712855480345,0.08298852775995157,-0.11195406150552244,left knee,correct
26,0.14583241234872368,0.10357608641758806,-0.24394013979203316,left foot,correct
27,-0.0278395853571897,0.08210593528834147,0.24028526739669245,nose,correct
27,-0.037004014203107234,1.734723475976807e-18,0.19517661866954808,upper spine,correct
27,-0.09740406188379862,-0.0039034910349780953,0.19925612892056455,right shoulder,correct
27,-0.11518361885286461,0.09485913353348999,0.16996652454280384,right elbow,correct
27,-0.12946266786195187,0.19014761435227795,0.19016172642982812,right hand,correct
27,0.017954573697177238,-0.003903491034978099,0.19925612892056455,left shoulder,correct
27,0.04502319033576231,0.10235879519977566,0.19414218516495277,left elbow,correct
27,0.06371672099991645,0.1911692647264298,0.22616099362298742,left hand,correct
27,0.0,0.0,0.0,lower spine,correct
27,-0.037599120059157415,-0.0023304952817382665,-0.01223880678214849,right hip,correct
27,-0.013297205768081211,0.06493414987187375,-0.1357019681016418,right knee,correct
27,-0.004945677713320121,0.10884072447718054,-0.2662415426687946,right foot,correct
27,0.04357269074649883,0.004884180229228874,0.004012235633027719,left hip,correct
27,0.08196350267973607,0.0831824760181773,-0.11004957613965882,left knee,correct
27,0.1478897778709158,0.10456394280853815,-0.24205623751127497,left foot,correct
28,-0.0286185136243425,0.08201072288768135,0.24060941763696422,nose,correct
28,-0.037985042593898975,0.0,0.19517661866954814,upper spine,correct
28,-0.0983489806653908,-0.00409725229745697,0.19961379920533884,right shoulder,correct
28,-0.11504535624727637,0.09481949886035992,0.169822399538978,right elbow,correct
28,-0.12890149811696475,0.19017315155489628,0.19048232606239016,right hand,correct
28,0.016933858011105925,-0.004097252297456971,0.19961379920533887,left shoulder,correct
28,0.04466892105678698,0.10209823903578089,0.19460388731284944,left elbow,correct
28,0.06364472313209735,0.1907747422440477,0.22709725705952666,left hand,correct
28,0.0,0.0,0.0,lower spine,correct
28,-0.03758513696865267,-0.0017118002388231321,-0.012397322045650661,right hip,correct
28,-0.012024818492947814,0.0657132281052708,-0.1356694240232053,right knee,correct
28,-0.0033105502843756296,0.11032917116363909,-0.26608960962817485,right foot,correct
28,0.043373402387060285,0.00539350191542512,0.005380805053696539,left hip,correct
28,0.08300824421285687,0.08334400921744567,-0.10864537788805712,left knee,correct
28,0.14761222178876948,0.10612664567082654,-0.2412318279283326,left foot,correct
29,-0.02830055332940095,0.0819003982085579,0.24073824246337142,nose,correct
29,-0.03801843144278158,-1.734723475976807e-18,0.195176618669548,upper spine,correct
29,-0.09837630789302235,-0.004198092357211046,0.19960552647873828,right shoulder,correct
29,-0.1144573498905672,0.0948775727179043,0.16997838997967726,right elbow,correct
29,-0.12777675499144045,0.19018170725789127,0.19124089476235848,right hand,correct
29,0.016893806480526852,-0.0041980923572110425,0.1996055264787383,left shoulder,correct
29,0.04520648324117066,0.10184294264462133,0.1946042901668346,left elbow,correct
29,0.06460867627877588,0.19033259441866465,0.22735380944571804,left hand,correct
29,0.0,0.0,0.0,lower spine,correct
29,-0.037560025389978165,-0.0012068387305350656,-0.012535536528416422,right hip,correct
29,-0.011490580297116894,0.06642298259225154,-0.13558998405583153,right knee,correct
29,-0.0029200536719249104,0.11159070521775823,-0.2658350691060615,right foot,correct
29,0.04319415120977251,0.005989301229314288,0.0061890668599264035,left hip,correct
29,0.08347533378139209,0.08343750098017949,-0.10794970494930933,left knee,correct
29,0.14542053474152064,0.10814913212381062,-0.24151070147865553,left foot,correct
30,-0.02781719699272185,0.08189682025681327,0.2406383684290396,nose,correct
30,-0.037904847935472406,0.0,0.19517661866954814,upper spine,correct
30,-0.09826983948413917,-0.004198262084313328,0.19950240378561093,right shoulder,correct
30,-0.11388668648532914,0.0950171663872757,0.17012846329811107,right elbow,correct
30,-0.12667504788832354,0.19027627234781144,0.19187333781489016,right hand,correct
30,0.01701521059357612,-0.0041982620843133275,0.19950240378561096,left shoulder,correct
30,0.045850834370639616,0.10167938362053545,0.19441030220838698,left elbow,correct
30,0.06568003687115952,0.1900131823153468,0.22728257447703515,left hand,correct
30,0.0,0.0,0.0,lower spine,correct
30,-0.03754219406431837,-0.0010204685050602623,-0.012605916504228834,right hip,correct
30,-0.011114948107407915,0.06674004440916778,-0.13549019070687982,right knee,correct
30,-0.0026433236226320878,0.1122001215535585,-0.2656230751420595,right foot,correct
30,0.04306800369768455,0.00652834215230697,0.0065458264176360545,left hip,correct
30,0.08381262334921366,0.0833448627304512,-0.1078290267272919,left knee,correct
30,0.14297414953276427,0.11002917829859707,-0.2423026183819431,left foot,correct
31,-0.027079599150494627,0.08196120376688425,0.24035563446730254,nose,correct
31,-0.03767829127580538,1.734723475976807e-18,0.19517661866954805,upper spine,correct
31,-0.09806373867630726,-0.004114627184287562,0.1992784511114718,right shoulder,correct
31,-0.1134355569472815,0.09519824834303563,0.1701860061593696,right elbow,correct
31,-0.12582781379587,0.19041419354423705,0.19225324755872633,right hand,correct
31,0.017264250364732895,-0.004114627184287564,0.1992784511114718,left shoulder,correct
31,0.04640961819893448,0.1016441785223546,0.19406504379394682,left elbow,correct
31,0.06656263445518425,0.18989962008681516,0.2268800938608629,left hand,correct
31,0.0,0.0,0.0,lower spine,correct
31,-0.03754026755927059,-0.0011189457013431898,-0.012600555926698384,right hip,correct
31,-0.010805476743090067,0.06660283103590092,-0.13539964284128614,right knee,correct
31,-0.0025633355791351217,0.11210075280154086,-0.2655005165962393,right foot,correct
31,0.04299420292153511,0.007008895088621552,0.0065498014969510845,left hip,correct
31,0.08399845847268994,0.08310365674973348,-0.10817187188737055,left knee,correct
31,0.14079331910825632,0.11139450481191948,-0.2433425224427938,left foot,correct
32,-0.02638199552272747,0.08206433401892395,0.23998688685829736,nose,correct
32,-0.03775058759965973,0.0,0.19517661866954802,upper spine,correct
32,-0.09816042122763594,-0.0039562691749209285,0.19905578289262188,right shoulder,correct
32,-0.11334313268775309,0.095427696756675,0.1700757862692183,right elbow,correct
32,-0.12555392085951672,0.1906583280703506,0.19221681401620205,right hand,correct
32,0.01721875497529988,-0.0039562691749209285,0.1990557828926219,left shoulder,correct
32,0.04652664688945737,0.10176055304021803,0.19377788153096953,left elbow,correct
32,0.06682371497042155,0.19002746829444964,0.2264897642813244,left hand,correct
32,0.0,0.0,0.0,lower spine,correct
32,-0.037535369716933546,-0.0012876629397357785,-0.012600546459059878,right hip,correct
32,-0.010333098347968243,0.06625742338182011,-0.135402200586309,right knee,correct
32,-0.002150069204778185,0.11172066147787642,-0.2655299298662872,right foot,correct
32,0.04292320260796113,0.007503491645263324,0.006486374166646754,left hip,correct
32,0.08416252747776602,0.0828791114227749,-0.10863410672129095,left knee,correct
32,0.14023185919518466,0.1117667039800431,-0.24400355957916353,left foot,correct
33,-0.02555541588777483,0.08211287390548556,0.2396594828301094,nose,correct
33,-0.03788827597303687,1.734723475976807e-18,0.19517661866954808,upper spine,correct
33,-0.0983215946872981,-0.0037904035383732135,0.198836181064078,right shoulder,correct
33,-0.11338616670310171,0.09563939668423692,0.16989683531349503,right elbow,correct
33,-0.1255732894077456,0.19088449703087623,0.19205049941656155,right hand,correct
33,0.017106875040329587,-0.0037904035383732127,0.198836181064078,left shoulder,correct
33,0.04646175038058409,0.1019302779414963,0.19360558331916922,left elbow,correct
33,0.06679829357322092,0.19023941760919885,0.22621634922915498,left hand,correct
33,0.0,0.0,0.0,lower spine,correct
33,-0.037542740829923454,-0.0013542849509403298,-0.012572519922496608,right hip,correct
33,-0.009871974366073968,0.06599082231841429,-0.13539795477906255,right knee,correct
33,-0.001729205540142352,0.11143261295282199,-0.26555653704819154,right foot,correct
33,0.04281719736348345,0.008040045136385069,0.006573120158189221,left hip,correct
33,0.08429414034431804,0.08277086905814737,-0.10890184576500249,left knee,correct
33,0.14123193165111186,0.11122447872044361,-0.24400636719258928,left foot,correct
34,-0.024561629694538102,0.08200728209100983,0.23954976582701884,nose,correct
34,-0.03794763694712559,0.0,0.19517661866954805,upper spine,correct
34,-0.09839777992684157,-0.0036419574763330454,0.19869591326990244,right shoulder,correct
34,-0.1134121845518701,0.09581370469757111,0.1697956107268764,right elbow,correct
34,-0.12573231869536838,0.19104871206163276,0.19194270882706654,right hand,correct
34,0.01706600145674301,-0.0036419574763330463,0.19869591326990244,left shoulder,correct
34,0.04635744276646159,0.10211274530435939,0.19365539022637196,left elbow,correct
34,0.06666430798665637,0.19046577371951878,0.22618307947810376,left hand,correct
34,0.0,0.0,0.0,lower spine,correct
34,-0.03754428513722178,-0.0012125918278454127,-0.012582968311541449,right hip,correct
34,-0.009447517819602735,0.06593992798653701,-0.13542314690371635,right knee,correct
34,-0.0012844634622841827,0.11147367773867448,-0.26555723549136867,right foot,correct
34,0.04268777453131155,0.00859916497268655,0.006739206142101727,left hip,correct
34,0.08450415655205305,0.08278544826121396,-0.10896947539277069,left knee,correct
34,0.14360991727894273,0.10988536494774367,-0.24339161899849318,left foot,correct
35,-0.023889785651035188,0.08185983813155823,0.23961271191638245,nose,correct
35,-0.03789490579681499,-1.734723475976807e-18,0.19517661866954814,upper spine,correct
35,-0.09835481980995715,-0.0035351958252951635,0.19862932548424053,right shoulder,correct
35,-0.1133946522512299,0.09591282858960183,0.16973672661951336,right elbow,correct
35,-0.12594121042188527,0.1911260465083164,0.19182178369158664,right hand,correct
35,0.017129469044159344,-0.0035351958252951635,0.19862932548424053,left shoulder,correct
35,0.04624911479235939,0.10227486709077357,0.19384397659527244,left elbow,correct
35,0.06648469516100478,0.1906712289564098,0.2262851173659143,left hand,correct
35,0.0,0.0,0.0,lower spine,correct
35,-0.03751631026408817,-0.0009729131080500972,-0.012689347682705495,right hip,correct
35,-0.009145630772128141,0.06601105618110578,-0.1355474244102747,right knee,correct
35,-0.000905745411316071,0.11168152272786866,-0.2656205903745195,right foot,correct
35,0.04256364252986332,0.009070375308902194,0.006933598552304139,left hip,correct
35,0.08473626694860488,0.0828549025056619,-0.10888865124123832,left knee,correct
35,0.14593273186685427,0.10861809341866885,-0.2425918881345038,left foot,correct
36,-0.02365349396179387,0.08175453632947123,0.2397625390656242,nose,correct
36,-0.037629128464366654,1.734723475976807e-18,0.1951766186695481,upper spine,correct
36,-0.09809094692840706,-0.003499083329875627,0.19862954009107425,right shoulder,correct
36,-0.11322420828546977,0.09591991570620481,0.1697893365631775,right elbow,correct
36,-0.12600737949692764,0.1910775603289013,0.19185461180726626,right hand,correct
36,0.017397338950342792,-0.003499083329875625,0.19862954009107422,left shoulder,correct
36,0.04622871342767659,0.10237378396511031,0.19406709618947343,left elbow,correct
36,0.06641207236930805,0.19080051978262833,0.2263842243865134,left hand,correct
36,0.0,0.0,0.0,lower spine,correct
36,-0.03750929708061803,-0.0008087576943059688,-0.012718878022291505,right hip,correct
36,-0.009001116718746396,0.06599867466011894,-0.13559640787689256,right knee,correct
36,-0.0007306581964608497,0.11179703741533283,-0.2655825804042753,right foot,correct
36,0.04248808243004575,0.009323081365848081,0.007073183803922767,left hip,correct
36,0.08494102694738034,0.08282171182551036,-0.10877992330899093,left knee,correct
36,0.14777013065797737,0.10734270851477264,-0.2418910264825794,left foot,correct
37,-0.023975628673097223,0.08179266386081835,0.23983424718378316,nose,correct
37,-0.03729916111900864,3.469446951953614e-18,0.19517661866954797,upper spine,correct
37,-0.09775756843361769,-0.0035074203763200435,0.19868034323248296,right shoulder,correct
37,-0.1130351259132866,0.09584098450625615,0.16980100544359722,right elbow,correct
37,-0.12608120152073835,0.19095843407207486,0.1917338307114879,right hand,correct
37,0.0177235581811375,-0.0035074203763200452,0.19868034323248296,left shoulder,correct
37,0.0461946631564706,0.10243511190074696,0.19421694726548722,left elbow,correct
37,0.06630327608068755,0.19088900050105,0.22641553398324823,left hand,correct
37,0.0,0.0,0.0,lower spine,correct
37,-0.03753844112078077,-0.0008700130975138683,-0.0126209156056373,right hip,correct
37,-0.008951820754225591,0.0657507347164132,-0.13552726405665436,right knee,correct
37,-0.000623752942474555,0.11150983725166468,-0.265474223830391,right foot,correct
37,0.04247366194798746,0.009324895808349488,0.007153703307173487,left hip,correct
37,0.08512739467184141,0.08264308085742593,-0.10868246702071363,left knee,correct
37,0.1489379671835781,0.10612874588086707,-0.24144889208322576,left foot,correct
38,-0.024676988525178085,0.08194797408177126,0.23979008468444488,nose,correct
38,-0.036984038858606266,1.734723475976807e-18,0.195176618669548,upper spine,correct
38,-0.0974333212777848,-0.003571854667162545,0.19877503947342823,right shoulder,correct
38,-0.11288984626988256,0.09567808237594211,0.16977428251464152,right elbow,correct
38,-0.12614207944332248,0.19077772751418046,0.19151684137165922,right hand,correct
38,0.018028653941847623,-0.0035718546671625476,0.1987750394734282,left shoulder,correct
38,0.04614028588574788,0.1024315497974224,0.19419777856410692,left elbow,correct
38,0.06615543178225572,0.19090922027080962,0.2263035952976395,left hand,correct
38,0.0,0.0,0.0,lower spine,correct
38,-0.0375987425156655,-0.001199694184062231,-0.012401755320759891,right hip,correct
38,-0.008932188824437432,0.06514031713314229,-0.13538993972963342,right knee,correct
38,-0.0006126548180940966,0.11064992176650237,-0.26537853007386514,right foot,correct
38,0.04251399189987881,0.009083514116579226,0.007209416147919756,left hip,correct
38,0.0851835931963198,0.08221267913327401,-0.10868845656907976,left knee,correct
38,0.14952275167447324,0.10470163849140916,-0.24131914418569678,left foot,correct
39,-0.025251421046876894,0.08217694123934241,0.23955676139957627,nose,correct
39,-0.03659854613056038,1.734723475976807e-18,0.195176618669548,upper spine,correct
39,-0.09704092739592245,-0.003671933087406716,0.19879166256233297,right shoulder,correct
39,-0.11267226069539456,0.09548039604577784,0.16969654705160725,right elbow,correct
39,-0.12604210042804803,0.19058507225562998,0.19117193590320733,right hand,correct
39,0.018406563424742693,-0.003671933087406717,0.19879166256233297,left shoulder,correct
39,0.046241110233511545,0.10235336272996878,0.19392459824147368,left elbow,correct
39,0.06618435263578457,0.19083449211340298,0.22596070553059583,left hand,correct
39,0.0,0.0,0.0,lower spine,correct
39,-0.037655392249410266,-0.0017520417190799273,-0.01215050830277998,right hip,correct
39,-0.00898505481605081,0.06430387572737847,-0.13522939085936433,right knee,correct
39,-0.0008364028683524385,0.10939032461201777,-0.2653203117738018,right foot,correct
39,0.042586152619124254,0.008702287637055448,0.00723101841906676,left hip,correct
39,0.08497462126353678,0.08160467428706886,-0.10885396763321181,left knee,correct
39,0.14959912229496694,0.10304017595286241,-0.2414626616567611,left foot,correct
40,-0.02558873432762496,0.08241572469583351,0.23922265593391792,nose,correct
40,-0.03621986217625171,-1.734723475976807e-18,0.19517661866954802,upper spine,correct
40,-0.09665784090987038,-0.0037644419113389213,0.1987699273131553,right shoulder,correct
40,-0.1123946703239007,0.09529742134589393,0.16956333325864315,right elbow,correct
40,-0.12575051319940017,0.1904157138206403,0.19082040232405226,right hand,correct
40,0.018780409619157133,-0.003764441911338917,0.19876992731315532,left shoulder,correct
40,0.04656257516808691,0.10221519620540834,0.19348411202473548,left elbow,correct
40,0.06646960224027827,0.19066016787325685,0.2255397729371779,left hand,correct
40,0.0,0.0,0.0,lower spine,correct
40,-0.037710483612466504,-0.0023006202246066173,-0.011874281932553157,right hip,correct
40,-0.009079683596812362,0.06359521267106504,-0.13498907913966499,right knee,correct
40,-0.001116463849748367,0.10815382580355434,-0.26521906155924235,right foot,correct
40,0.04262847250161043,0.008376074054409328,0.00735037088379171,left hip,correct
40,0.08461818418923574,0.08099527320793246,-0.10900122236509838,left knee,correct
40,0.14974848884376452,0.10122489919330914,-0.24149201304222925,left foot,correct
41,-0.025584420248993597,0.082570443510211,0.23894351996281799,nose,correct
41,-0.035980628451611985,0.0,0.19517661866954808,upper spine,correct
41,-0.09641279041920928,-0.003848440599204408,0.1987804347456431,right shoulder,correct
41,-0.11214666943872521,0.09514735253268533,0.16943421812944057,right elbow,correct
41,-0.12537189223127465,0.19030411043362003,0.19049791563590995,right hand,correct
41,0.019013251428256602,-0.003848440599204405,0.19878043474564308,left shoulder,correct
41,0.04695658109230808,0.10204252717268301,0.19311081749734263,left elbow,correct
41,0.06692719162417742,0.19044414513354035,0.22518032885009326,left hand,correct
41,0.0,0.0,0.0,lower spine,correct
41,-0.03769730017985197,-0.0027510997648566115,-0.011818769653525164,right hip,correct
41,-0.009065071148997853,0.06308244222486607,-0.13492937633779087,right knee,correct
41,-0.0012711402093538993,0.10707676298071486,-0.2653275622907837,right foot,correct
41,0.04266353031516604,0.00809775379688736,0.007447101216845046,left hip,correct
41,0.08430098623125748,0.08040534192673444,-0.10919130988609543,left knee,correct
41,0.14997315186100396,0.09958570548450021,-0.24152935945185916,left foot,correct
42,-0.025414796425551764,0.08269313458800814,0.23867563067772027,nose,correct
42,-0.03585744827921475,0.0,0.19517661866954808,upper spine,correct
42,-0.09628890716155727,-0.003858923587222729,0.19878049949559445,right shoulder,correct
42,-0.11191092170200201,0.0950936435847943,0.1692707726129375,right elbow,correct
42,-0.12494814158718276,0.19030764913748918,0.19014198325323478,right hand,correct
42,0.01913565898716689,-0.0038589235872227255,0.19878049949559443,left shoulder,correct
42,0.04740122344844213,0.10191404344870776,0.19280785412249163,left elbow,correct
42,0.06753153319708756,0.19025692328822413,0.22490273529122706,left hand,correct
42,0.0,0.0,0.0,lower spine,correct
42,-0.037651796998232075,-0.003024565382798416,-0.011900288209703631,right hip,correct
42,-0.008977378607769627,0.06289971231769545,-0.13493312328955404,right knee,correct
42,-0.0012513597413025684,0.10642255267857086,-0.2654761705045222,right foot,correct
42,0.04265323259651621,0.00793789681740513,0.00767482164553007,left hip,correct
42,0.08408187753186235,0.07993490904478535,-0.10921298725561614,left knee,correct
42,0.15027546426883565,0.09837227822030689,-0.24137141842509485,left foot,correct
43,-0.025242545416321722,0.08278330719676269,0.23845984613172566,nose,correct
43,-0.035867681979713316,1.734723475976807e-18,0.19517661866954802,upper spine,correct
43,-0.0963006293112819,-0.003784159493021525,0.19883363285547595,right shoulder,correct
43,-0.11173244533768378,0.09514722657808843,0.16914624760210853,right elbow,correct
43,-0.12451921508650161,0.19044290855472476,0.18980854264377087,right hand,correct
43,0.019127060926710404,-0.0037841594930215277,0.19883363285547595,left shoulder,correct
43,0.04778506489026704,0.10187074864340137,0.19269055498189835,left elbow,correct
43,0.0681929053979006,0.1901636003788056,0.22474442390934532,left hand,correct
43,0.0,0.0,0.0,lower spine,correct
43,-0.03756308420868102,-0.0031713262031220334,-0.012149744498292009,right hip,correct
43,-0.008823699085327649,0.0629607163035898,-0.1350569046892382,right knee,correct
43,-0.0010754817033929373,0.10611507064012404,-0.26572231180211847,right foot,correct
43,0.04264885592002167,0.007859013349812932,0.007780605511218278,left hip,correct
43,0.08404435192623336,0.07961782156567569,-0.10926733513487166,left knee,correct
43,0.15048158911118498,0.09775200400744184,-0.24134249922874884,left foot,correct
44,-0.025006212015716497,0.08282315296540305,0.23831703186956193,nose,correct
44,-0.035955571482344656,-1.734723475976807e-18,0.19517661866954802,upper spine,correct
44,-0.0963925209836197,-0.003586490210584558,0.19896274051946694,right shoulder,correct
44,-0.11162701097133645,0.09532413704827256,0.16907057325834898,right elbow,correct
44,-0.12426790793529205,0.19070021859934871,0.18949288849994764,right hand,correct
44,0.0190435693217004,-0.003586490210584555,0.19896274051946697,left shoulder,correct
44,0.048037076943554934,0.1019801806856958,0.19277610185715466,left elbow,correct
44,0.0687176964503183,0.19024721287186475,0.22474359837768892,left hand,correct
44,0.0,0.0,0.0,lower spine,correct
44,-0.03749053448508158,-0.003192310817823598,-0.012375225336047263,right hip,correct
44,-0.008585257919523717,0.0631769379026958,-0.13512775098463503,right knee,correct
44,-0.000716723624219831,0.10607359043805437,-0.26588296964154573,right foot,correct
44,0.04262582562879394,0.007849917813849108,0.00792051597393813,left hip,correct
44,0.08421047950416104,0.07946396074900214,-0.10916048734769827,left knee,correct
44,0.1509355302042399,0.09739968898194706,-0.24112405610760546,left foot,correct
45,-0.02484474548692997,0.08278724188385045,0.2383318935108874,nose,correct
45,-0.03611587811444471,-3.469446951953614e-18,0.19517661866954802,upper spine,correct
45,-0.0965535104168529,-0.0033305869204217527,0.19918010505319822,right shoulder,correct
45,-0.11162299308505656,0.09557209632745284,0.16911943710271138,right elbow,correct
45,-0.12416385169798677,0.19104270967371317,0.18923475573598014,right hand,correct
45,0.018884012998943836,-0.0033305869204217535,0.19918010505319822,left shoulder,correct
45,0.048137670893903,0.10218241073956584,0.19306247539634658,left elbow,correct
45,0.06905285621445134,0.19043482646727053,0.22495551077334652,left hand,correct
45,0.0,0.0,0.0,lower spine,correct
45,-0.03742655974246322,-0.0032130720460455163,-0.01257088866692857,right hip,correct
45,-0.008406316883320646,0.06341102041183938,-0.1351821028165626,right knee,correct
45,-0.00032007939087744935,0.1061868466934377,-0.2659858841103552,right foot,correct
45,0.04258098483826066,0.00794382060649542,0.008077546263723548,left hip,correct
45,0.08443971900926726,0.07944268524335751,-0.10899798190299612,left knee,correct
45,0.15128622707082634,0.09744657819209775,-0.24090971425712293,left foot,correct
46,-0.02479242908164074,0.0826423593092029,0.23858273913951442,nose,correct
46,-0.036275164981137885,0.0,0.19517661866954814,upper spine,correct
46,-0.09670424060199227,-0.003102956171929799,0.19948615460256933,right shoulder,correct
46,-0.11170458049763582,0.09581557733644283,0.1693861229186948,right elbow,correct
46,-0.12427606449250467,0.1913484445826343,0.18925880005313206,right hand,correct
46,0.0187153233287002,-0.0031029561719298003,0.19948615460256933,left shoulder,correct
46,0.04808147523827202,0.1024043905422822,0.19354563464503258,left elbow,correct
46,0.0690938197221897,0.19067608646713352,0.22536235525301007,left hand,correct
46,0.0,0.0,0.0,lower spine,correct
46,-0.03737866049058804,-0.003292304624585352,-0.012699444943136975,right hip,correct
46,-0.008405052714616446,0.06361810394807174,-0.13519100863680367,right knee,correct
46,-0.00011850585242564188,0.1064459598847477,-0.2659874777776165,right foot,correct
46,0.042503777949914556,0.008152497682354924,0.008290490366828749,left hip,correct
46,0.08461897760097079,0.07957368896450934,-0.10876237639208715,left knee,correct
46,0.15156067618189206,0.09775750113639674,-0.2406204837466272,left foot,correct
47,-0.025113353490554442,0.08246972431242985,0.23897018420626062,nose,correct
47,-0.036636799393455904,0.0,0.19517661866954802,upper spine,correct
47,-0.09705084091917514,-0.0029274294293429957,0.19981708693561723,right shoulder,correct
47,-0.11206840204570545,0.09601783922804569,0.16968643242444217,right elbow,correct
47,-0.12479692404548537,0.1916100260941715,0.18934091864286506,right hand,correct
47,0.01833716751484379,-0.0029274294293429965,0.19981708693561723,left shoulder,correct
47,0.04767344817439024,0.10264065392553412,0.19413385276819958,left elbow,correct
47,0.06861375052685843,0.19099232665670796,0.22587699768177272,left hand,correct
47,0.0,0.0,0.0,lower spine,correct
47,-0.037346104424576636,-0.0035193482438016545,-0.012742622860619543,right hip,correct
47,-0.008594164430164204,0.0637093805042223,-0.13517106721984867,right knee,correct
47,5.3189082921747954e-06,0.10663207302828268,-0.2659674612747047,right foot,correct
47,0.04238140944832126,0.008501359677730053,0.008589875952775862,left hip,correct
47,0.08475037133740027,0.07982294782149453,-0.10848642015577091,left knee,correct
47,0.15178726768835504,0.09827286751829455,-0.24030562547272724,left foot,correct
48,-0.025473075063822133,0.08229050950126561,0.23937940963847734,nose,correct
48,-0.03696568052555066,-1.734723475976807e-18,0.19517661866954802,upper spine,correct
48,-0.09736846376023583,-0.002852537180015796,0.20001371065203788,right shoulder,correct
48,-0.11259272428953394,0.09613919784431724,0.170026608685587,right elbow,correct
48,-0.1255465342147278,0.19174379577104894,0.18962767776858505,right hand,correct
48,0.017995913762277882,-0.0028525371800157922,0.20001371065203788,left shoulder,correct
48,0.047171166906654766,0.10281191954180462,0.19462103032042058,left elbow,correct
48,0.06796190919882548,0.19128347849865834,0.22622341974946636,left hand,correct
48,0.0,0.0,0.0,lower spine,correct
48,-0.03735448137020651,-0.0038407723893426255,-0.012628335361133378,right hip,correct
48,-0.009177933440243907,0.06370394070581413,-0.13507412045275183,right knee,correct
48,-0.0004250782733195707,0.10674494867526432,-0.26586882661658534,right foot,correct
48,0.042214053663119325,0.008926484588567929,0.009008745817207342,left hip,correct
48,0.08460573301602904,0.08013095834230412,-0.1081831495976355,left knee,correct
48,0.15159918742381637,0.09891141061938213,-0.24002287426226138,left foot,correct
49,-0.025705989643997305,0.08224513862045496,0.23952293596396096,nose,correct
49,-0.03700908904169457,-1.734723475976807e-18,0.19517661866954802,upper spine,correct
49,-0.09742046898615969,-0.002829311010542554,0.19991527285834138,right shoulder,correct
49,-0.11299577689738219,0.09621498874249292,0.17027515323501594,right elbow,correct
49,-0.12614882787643278,0.19177127337192318,0.18999506129410976,right hand,correct
49,0.017961952889107742,-0.002829311010542554,0.19991527285834138,left shoulder,correct
49,0.04690131792274794,0.10291832611217545,0.1947486220587666,left elbow,correct
49,0.06760623823931147,0.19151110909828145,0.22608091141378234,left hand,correct
49,0.0,0.0,0.0,lower spine,correct
49,-0.03734680642278593,-0.004225082553501396,-0.012529365888014518,right hip,correct
49,-0.01008290076922298,0.06361075517599946,-0.1350354961592177,right knee,correct
49,-0.0014701287041679473,0.10672003075196522,-0.26582370309005465,right foot,correct
49,0.04205794391766615,0.009386571132644152,0.009294746399672179,left hip,correct
49,0.0841699768129881,0.0804088188290849,-0.1081191134610414,left knee,correct
49,0.15083305603378905,0.09949996223058388,-0.24009373599785414,left foot,correct
50,-0.025138190519497082,0.0823302022912968,0.23926043498432367,nose,correct
50,-0.036327069645100456,0.0,0.19517661866954808,upper spine,correct
50,-0.09678055053326076,-0.002762272422576267,0.1993619667899943,right shoulder,correct
50,-0.11305985299676856,0.09631556833122355,0.17048076037873322,right elbow,correct
50,-0.1263423647633255,0.1917173748212233,0.19052771656090478,right hand,correct
50,0.018690236501771807,-0.0027622724225762688,0.19936196678999427,left shoulder,correct
50,0.04729681806477819,0.10300843855394698,0.19422333103238743,left elbow,correct
50,0.06802620001570146,0.19166988273416607,0.22515036976486036,left hand,correct
50,0.0,0.0,0.0,lower spine,correct
50,-0.037372433070813095,-0.004615056101609723,-0.012301068138602753,right hip,correct
50,-0.011446856077173766,0.06341984885971827,-0.13488888654538453,right knee,correct
50,-0.0035770724852545108,0.10649188568417327,-0.2656392489647292,right foot,correct
50,0.0419348458596862,0.0098485331145422,0.009379737009089341,left hip,correct
50,0.08325077327706099,0.08060717038265101,-0.10837670377804079,left knee,correct
50,0.1490596242739944,0.09992111237131018,-0.24067100255062832,left foot,correct
51,-0.02351712499574713,0.08249391702432542,0.2386446399873293,nose,correct
51,-0.034662131578627034,0.0,0.1951766186695481,upper spine,correct
51,-0.09517991673342518,-0.0025624591150434656,0.19841208201817812,right shoulder,correct
51,-0.1125954456034734,0.09651226185206344,0.17082423537747796,right elbow,correct
51,-0.12591646543336582,0.19165189609364697,0.1913262169534339,right hand,correct
51,0.020425824856566743,-0.0025624591150434643,0.19841208201817812,left shoulder,correct
51,0.04859813150653804,0.10314956121484051,0.19308738434787603,left elbow,correct
51,0.06950503136399958,0.19180383906534168,0.22344973565677048,left hand,correct
51,0.0,0.0,0.0,lower spine,correct
51,-0.03740007317870159,-0.004902570579845791,-0.012078608675103221,right hip,correct
51,-0.013237132818915191,0.06319017629734133,-0.13474925994585366,right knee,correct
51,-0.006882932069304612,0.10612400186577961,-0.26539799101014094,right foot,correct
51,0.041917869998592434,0.010285282200326845,0.008947808169830578,left hip,correct
51,0.08176570101862041,0.0807905131275455,-0.1092255750634302,left knee,correct
51,0.14603743725340254,0.10022569649473453,-0.24206486999133842,left foot,correct
52,-0.020903998547846872,0.08264457805599065,0.23788150424813273,nose,correct
52,-0.03204781366942236,-1.734723475976807e-18,0.19517661866954802,upper spine,correct
52,-0.0926282300431023,-0.002245542270693037,0.19720568967289262,right shoulder,correct
52,-0.11155297396505767,0.09677580067495639,0.17140775155715532,right elbow,correct
52,-0.12482903196271695,0.19155830657970735,0.1924985371502843,right hand,correct
52,0.023108939971196535,-0.0022455422706930306,0.19720568967289265,left shoulder,correct
52,0.05076011866733793,0.10333861711705068,0.19150009450711147,left elbow,correct
52,0.07193068433582317,0.1918959794942741,0.22127135653823327,left hand,correct
52,0.0,0.0,0.0,lower spine,correct
52,-0.0374578725995438,-0.00504938844765647,-0.011797690924779027,right hip,correct
52,-0.015353694951366056,0.06302475320034549,-0.1345001647208064,right knee,correct
52,-0.011249203770279728,0.10581473366774401,-0.2649479291087934,right foot,correct
52,0.04194460140024248,0.010744748057272482,0.008198925547091035,left hip,correct
52,0.0797435590988088,0.08104707103758316,-0.11040934423368229,left knee,correct
52,0.1418378705762363,0.1005483940800585,-0.24398208083279777,left foot,correct
53,-0.017635080436000296,0.08265374577955671,0.23730275187959132,nose,correct
53,-0.02892533283391259,0.0,0.195176618669548,upper spine,correct
53,-0.08954412765325837,-0.0018755161771054213,0.19609276753804186,right shoulder,correct
53,-0.11015866966380765,0.09705394233773595,0.17238829616762813,right elbow,correct
53,-0.12327437620981428,0.19148105751103353,0.19402647895673333,right hand,correct
53,0.026273570321072692,-0.0018755161771054204,0.1960927675380419,left shoulder,correct
53,0.05338895625835016,0.10355027387813065,0.18986057657667976,left elbow,correct
53,0.07486098992411219,0.19195888558144472,0.21909930512189632,left hand,correct
53,0.0,0.0,0.0,lower spine,correct
53,-0.037518515942892974,-0.005074297100526641,-0.011551747959024198,right hip,correct
53,-0.017657697370849823,0.06292949341487969,-0.13427546036863175,right knee,correct
53,-0.01626047011766176,0.10558561291085551,-0.26445600215047527,right foot,correct
53,0.04200447768860745,0.011255358966846887,0.007065124037209599,left hip,correct
53,0.07741276448857828,0.0814171579226761,-0.11197041923843362,left knee,correct
53,0.1368984650884566,0.10092818272203037,-0.2464042650536425,left foot,correct
54,-0.014311203735773707,0.082551741224744,0.2369811069297772,nose,correct
54,-0.025792809216949347,0.0,0.19517661866954805,upper spine,correct
54,-0.08642803539919294,-0.0015195874339429902,0.1951796733778912,right shoulder,correct
54,-0.10860135241823261,0.09730001936475553,0.17353828831816123,right elbow,correct
54,-0.12147561542170504,0.1914319700060993,0.19561261742504668,right hand,correct
54,0.02942413816639792,-0.0015195874339429894,0.19517967337789116,left shoulder,correct
54,0.05609713720679858,0.10374269248116089,0.18836568202626364,left elbow,correct
54,0.0778689114121731,0.19199968988914898,0.21715434060900954,left hand,correct
54,0.0,0.0,0.0,lower spine,correct
54,-0.0376502884219955,-0.004983529986116055,-0.011115104155582856,right hip,correct
54,-0.01966972608057884,0.06282756750865073,-0.13387318036481446,right knee,correct
54,-0.02112663325024257,0.1054093970838106,-0.2637469284673035,right foot,correct
54,0.042059354544699314,0.011673625044311693,0.005900988453592021,left hip,correct
54,0.0751135541505269,0.08186623251212273,-0.11343775036029155,left knee,correct
54,0.13193012874212662,0.10128131812431791,-0.24874343993454062,left foot,correct
55,-0.011198269609033154,0.08234718684931694,0.23693010946543994,nose,correct
55,-0.022953409084775556,0.0,0.19517661866954805,upper spine,correct
55,-0.08359179823792773,-0.0012551752262247445,0.19459677539511624,right shoulder,correct
55,-0.10695871515452143,0.0974769442475506,0.17477735776544087,right elbow,correct
55,-0.11932277799308899,0.19144035841928803,0.19708413892819646,right hand,correct
55,0.03226701162398602,-0.001255175226224744,0.19459677539511627,left shoulder,correct
55,0.058787152835794734,0.10380829589922522,0.18714721533611134,left elbow,correct
55,0.08097229718136656,0.19190029304719974,0.2155674049842059,left hand,correct
55,0.0,0.0,0.0,lower spine,correct
55,-0.0378150064992617,-0.0047652937586404355,-0.01060761847998437,right hip,correct
55,-0.02122272964006013,0.06288058129634377,-0.13335994065710588,right knee,correct
55,-0.02541050622081107,0.10536358799113354,-0.26294057444733815,right foot,correct
55,0.04213662975444342,0.011867527280838015,0.0047988643867244805,left hip,correct
55,0.07314566569269079,0.0822426169970194,-0.11469304540027458,left knee,correct
55,0.127441754674523,0.10147048341127965,-0.2508180226679931,left foot,correct
56,-0.008517677842177773,0.08206305629555635,0.23711909074337473,nose,correct
56,-0.02058777748994122,3.469446951953614e-18,0.19517661866954802,upper spine,correct
56,-0.08122468785125928,-0.0011646601185967935,0.194321410192676,right shoulder,correct
56,-0.10529829124269059,0.09752876732593095,0.17591443064709755,right elbow,correct
56,-0.11686376557943857,0.19144889059234813,0.1982650162995545,right hand,correct
56,0.034631019330797506,-0.0011646601185967996,0.194321410192676,left shoulder,correct
56,0.061302118334208976,0.10366546449175203,0.18619615928636493,left elbow,correct
56,0.08402126448959453,0.1915967860592792,0.21427308137345136,left hand,correct
56,0.0,0.0,0.0,lower spine,correct
56,-0.03800957253521012,-0.004472931484581293,-0.00999669101757328,right hip,correct
56,-0.02208165803755534,0.06312251493434076,-0.13264695582769245,right knee,correct
56,-0.028672737665438083,0.10543318221840367,-0.26198647080699694,right foot,correct
56,0.04229526263938663,0.011632575910172131,0.0038154993825795114,left hip,correct
56,0.07169132517784635,0.08244346639411296,-0.11561118025260564,left knee,correct
56,0.12384382525382297,0.1013074295740198,-0.25244298415579036,left foot,correct
57,-0.0060288386319810455,0.08177544924195843,0.2373323089552598,nose,correct
57,-0.018553084733855404,-1.734723475976807e-18,0.19517661866954802,upper spine,correct
57,-0.07918773157921834,-0.00117033800422643,0.19418126838888503,right shoulder,correct
57,-0.10354007687490155,0.09755596149475183,0.1769347611336249,right elbow,correct
57,-0.11400197633264428,0.19153220639070737,0.19915796582184309,right hand,correct
57,0.036663226463338694,-0.0011703380042264267,0.19418126838888503,left shoulder,correct
57,0.0637525926436184,0.10338051251794617,0.18532238317467414,left elbow,correct
57,0.08716963096730782,0.19113794326084538,0.21304236895951958,left hand,correct
57,0.0,0.0,0.0,lower spine,correct
57,-0.038254887352618686,-0.004094833937422488,-0.0091673796359458,right hip,correct
57,-0.02228720701793651,0.06378498280412409,-0.13148625363893368,right knee,correct
57,-0.031149597465570056,0.10570243734214363,-0.26066574556433647,right foot,correct
57,0.04252864202496058,0.011029652921223074,0.0028158066057514114,left hip,correct
57,0.07072145754543208,0.0826787756105933,-0.11623281659876955,left knee,correct
57,0.1207728622732301,0.10099321202346079,-0.25378215775095553,left foot,correct
58,-0.0036631219808952106,0.08159594569978398,0.2373860295262351,nose,correct
58,-0.01653789204317377,-1.734723475976807e-18,0.19517661866954808,upper spine,correct
58,-0.07716831745534823,-0.0012205803316335008,0.19400111970427242,right shoulder,correct
58,-0.10164609779028838,0.09754807097670162,0.17774910539964095,right elbow,correct
58,-0.11095455679944731,0.1916108921496469,0.19972917994283734,right hand,correct
58,0.03867378344149846,-0.0012205803316334975,0.1940011197042724,left shoulder,correct
58,0.06618042347356298,0.1030447300631508,0.18427619553747032,left elbow,correct
58,0.09029127719785468,0.19066336677978035,0.21154684439218097,left hand,correct
58,0.0,0.0,0.0,lower spine,correct
58,-0.038494229364351366,-0.003758213091762068,-0.008245831297530799,right hip,correct
58,-0.02239274527609286,0.06505075979933106,-0.1298763755582461,right knee,correct
58,-0.03334262426726194,0.10600503458255556,-0.2590700979858909,right foot,correct
58,0.04280544576886073,0.010139231295841211,0.001656532799664781,left hip,correct
58,0.07001677302646152,0.08309385019601268,-0.1166754954423305,left knee,correct
58,0.11767825539939161,0.1006340040433453,-0.2550474403734936,left foot,correct
59,-0.0016675415254294237,0.08155514985106575,0.2372283793283289,nose,correct
59,-0.014853504600948163,0.0,0.19517661866954802,upper spine,correct
59,-0.0754773890643708,-0.0012849912398613158,0.19375741430230253,right shoulder,correct
59,-0.0998903397749634,0.09754814528114622,0.17824659684588184,right elbow,correct
59,-0.10818782042187101,0.1916791423469486,0.20004497501092616,right hand,correct
59,0.0403509878937566,-0.001284991239861314,0.19375741430230253,left shoulder,correct
59,0.06819053996167972,0.10272879887098466,0.1831217048352698,left elbow,correct
59,0.09290181547789468,0.19026060574658407,0.20991080142589813,left hand,correct
59,0.0,0.0,0.0,lower spine,correct
59,-0.038685005676400964,-0.0034410812375844316,-0.007439924129537284,right hip,correct
59,-0.02247033829434286,0.06724581281648977,-0.12786037063686556,right knee,correct
59,-0.035186364684884334,0.10659674705872865,-0.25729023357997277,right foot,correct
59,0.043028416150980395,0.009274489086811026,0.00036702851561014153,left hip,correct
59,0.06958331540514914,0.0842756113553398,-0.11671497962728977,left knee,correct
59,0.11460543778055654,0.10061890134291782,-0.25602125692440725,left foot,correct
60,-0.00014305425332748756,0.0816292359276561,0.23686919665126008,nose,correct
60,-0.013733195679212287,0.0,0.19517661866954805,upper spine,correct
60,-0.07434762088550374,-0.0013328860795978788,0.1934335776912337,right shoulder,correct
60,-0.0987265663484366,0.0975253736747546,0.17830644736673998,right elbow,correct
60,-0.10643942840331408,0.1916682763351571,0.2000882408766531,right hand,correct
60,0.041460908781795175,-0.0013328860795978768,0.1934335776912337,left shoulder,correct
60,0.06944353256219031,0.10250163097382375,0.18189593298644005,left elbow,correct
60,0.0944155688080812,0.1900524406497006,0.20824415797558346,left hand,correct
60,0.0,0.0,0.0,lower spine,correct
60,-0.038810197201021246,-0.0033156633844045116,-0.006811248181805861,right hip,correct
60,-0.022874944939127433,0.07032999932039903,-0.12541391119391015,right knee,correct
60,-0.036819207762041166,0.1071812413512654,-0.2553916066103516,right foot,correct
60,0.043144989248155984,0.008679150704948747,-0.0008092772343011399,left hip,correct
60,0.06967226165442962,0.08636267155406414,-0.11606453622228845,left knee,correct
60,0.11167087014069828,0.10099773166843916,-0.2564459903769457,left foot,correct
61,0.00041353195774066626,0.08181175676133348,0.23636829068027634,nose,correct
61,-0.013560874622011651,-3.469446951953614e-18,0.19517661866954805,upper spine,correct
61,-0.07416296515614845,-0.0013957308424140582,0.19308651482376682,right shoulder,correct
61,-0.09846996980158754,0.09744342810372476,0.1777605607469397,right elbow,correct
61,-0.10611830501019809,0.19155006801449426,0.19969479305877091,right hand,correct
61,0.04161968355993516,-0.0013957308424140573,0.1930865148237668,left shoulder,correct
61,0.06965922992159503,0.10233627203518511,0.1808457136051041,left elbow,correct
61,0.09448678128901151,0.19003190075480939,0.20682730354028325,left hand,correct
61,0.0,0.0,0.0,lower spine,correct
61,-0.038836797108984966,-0.00336941174689707,-0.00662957376213553,right hip,correct
61,-0.023596151723840927,0.07428652831302213,-0.12272941114811603,right knee,correct
61,-0.037915893372576254,0.10792530151788683,-0.25352589347039883,right foot,correct
61,0.04317546623042726,0.008400236277058347,-0.0016630218239365672,left hip,correct
61,0.07042455692265097,0.08965651928390256,-0.11424418712545095,left knee,correct
61,0.10937543365459186,0.10201672017917139,-0.2557143275951326,left foot,correct
62,2.6685554669184097e-05,0.08200788643760319,0.2358880504622586,nose,correct
62,-0.014377168408779971,1.734723475976807e-18,0.19517661866954805,upper spine,correct
62,-0.0749654277288,-0.0014670848787301759,0.19275723497439817,right shoulder,correct
62,-0.09918553247248962,0.09731352415918207,0.17673483516918667,right elbow,correct
62,-0.1071791816280234,0.19134575557417063,0.19899015332929793,right hand,correct
62,0.0407881992741558,-0.0014670848787301757,0.19275723497439817,left shoulder,correct
62,0.06887294686745653,0.10222756482572223,0.18004496748361878,left elbow,correct
62,0.09321387303159527,0.19016283844691698,0.20577523474449394,left hand,correct
62,0.0,0.0,0.0,lower spine,correct
62,-0.038766204688887695,-0.0036207395547292395,-0.0069091091819224165,right hip,correct
62,-0.024687388375885442,0.07882141518263111,-0.11986441878230741,right knee,correct
62,-0.03869878405090798,0.10872370393027876,-0.25164037372959747,right foot,correct
62,0.04316538813417012,0.008360592897078935,-0.0020854582129979093,left hip,correct
62,0.07182509935142203,0.09390761922117628,-0.11113185103912715,left knee,correct
62,0.10804808300407977,0.10324116001700903,-0.2536021435365206,left foot,correct
63,-0.0009976844633460477,0.08206147947943347,0.23573418140022587,nose,correct
63,-0.015865993198024397,0.0,0.19517661866954805,upper spine,correct
63,-0.07644419048800105,-0.001560836688386356,0.19256771839010128,right shoulder,correct
63,-0.10051520159081334,0.09716981944616362,0.1756636667849349,right elbow,correct
63,-0.10898542150608548,0.19112983605717296,0.19829300031632663,right hand,correct
63,0.039288323143190786,-0.0015608366883863574,0.1925677183901013,left shoulder,correct
63,0.06752470798662354,0.10213944172715707,0.179729358036735,left elbow,correct
63,0.09126667673393758,0.19031600840036444,0.205391230805788,left hand,correct
63,0.0,0.0,0.0,lower spine,correct
63,-0.03862561720578747,-0.003828162400461523,-0.0075641135029118674,right hip,correct
63,-0.026153765308866195,0.083923817412525,-0.11674936457732973,right knee,correct
63,-0.039285726592952284,0.10977494939397117,-0.24955193756224875,right foot,correct
63,0.04315095186172227,0.008498739525968246,-0.001833792938937739,left hip,correct
63,0.07364649919285529,0.09887545472517945,-0.10649989786113734,left knee,correct
63,0.10758819647258842,0.10452336219585917,-0.2498120954497661,left foot,correct
64,-0.002327707763607058,0.0819880628248833,0.2359156149084894,nose,correct
64,-0.01750777226138605,1.734723475976807e-18,0.19517661866954805,upper spine,correct
64,-0.07808064020101296,-0.0016609489829044477,0.19250302257519006,right shoulder,correct
64,-0.10195892018814856,0.09704446834373398,0.17476619582026456,right elbow,correct
64,-0.11089282615165763,0.19097388029913862,0.19764075592234773,right hand,correct
64,0.03764069058750017,-0.0016609489829044477,0.19250302257519009,left shoulder,correct
64,0.06605441060633588,0.1020747436614441,0.17972875643261685,left elbow,correct
64,0.08921493000766381,0.19047107669806568,0.2054084855491346,left hand,correct
64,0.0,0.0,0.0,lower spine,correct
64,-0.038456619001798,-0.003924305587880287,-0.008349078338832484,right hip,correct
64,-0.027861203012091305,0.08926706365590249,-0.11327421857561468,right knee,correct
64,-0.04012514356375912,0.11081495726657438,-0.24702494925218327,right foot,correct
64,0.04315033801187105,0.008642996559879454,-0.001026155473226556,left hip,correct
64,0.07548023900041112,0.10401688909030182,-0.10071725066277248,left knee,correct
64,0.10762230742894097,0.1053563336274907,-0.24465546287442874,left foot,correct
65,-0.003084552950276258,0.08181341762694375,0.23631882492145695,nose,correct
65,-0.018335570284914143,-1.734723475976807e-18,0.195176618669548,upper spine,correct
65,-0.07891035791371809,-0.0016807120440292082,0.19255837056969682,right shoulder,correct
65,-0.10267985790888003,0.09704618840617779,0.17457264901124067,right elbow,correct
65,-0.11184059597672855,0.19100248800435274,0.19740676888723202,right hand,correct
65,0.03681500106696038,-0.0016807120440292085,0.19255837056969685,left shoulder,correct
65,0.06533319007099214,0.10206517780430362,0.17976578826818945,left elbow,correct
65,0.0881614908568235,0.19060449127233645,0.20538264073677331,left hand,correct
65,0.0,0.0,0.0,lower spine,correct
65,-0.03832122216067238,-0.0039266307669972205,-0.008957888811325159,right hip,correct
65,-0.03001219411042237,0.094523875598063,-0.10925992227652909,right knee,correct
65,-0.04204262541261494,0.11132755216798612,-0.2437640201266164,right foot,correct
65,0.043134906738469814,0.008782121537814463,0.0001777709044910973,left hip,correct
65,0.07676651549557637,0.10870885355531515,-0.09457175555200081,left knee,correct
65,0.10711947080076933,0.10515262365964907,-0.2389201010385551,left foot,correct
66,-0.003942823186224846,0.08159106620120532,0.23694838147377995,nose,correct
66,-0.018797011950634705,0.0,0.1951766186695481,upper spine,correct
66,-0.07938594946728601,-0.0017006637688772828,0.19292680761311126,right shoulder,correct
66,-0.10293757430977246,0.09710664239714417,0.17496623966349883,right elbow,correct
66,-0.11214858731447383,0.19118107436258744,0.19738268076457866,right hand,correct
66,0.03636910059647319,-0.0017006637688772824,0.19292680761311126,left shoulder,correct
66,0.06488750316199139,0.10205710690477278,0.18003753175535286,left elbow,correct
66,0.08755040259193378,0.19069889353936664,0.20552318583577106,left hand,correct
66,0.0,0.0,0.0,lower spine,correct
66,-0.03822890927047693,-0.003944232946544469,-0.009342450432949904,right hip,correct
66,-0.03206829988593706,0.09940363447054573,-0.1048022027478545,right knee,correct
66,-0.044049490204942865,0.11104483365874669,-0.23988637503295157,right foot,correct
66,0.04308998800635931,0.008829562205028875,0.0017721443309357092,left hip,correct
66,0.07765412107367684,0.11257616975617443,-0.08847133560678322,left knee,correct
66,0.10673376239385272,0.10355103712758991,-0.23287870760188217,left foot,correct
67,-0.004262347736864937,0.08130238800267159,0.23769156208248707,nose,correct
67,-0.01850082483376124,1.734723475976807e-18,0.19517661866954808,upper spine,correct
67,-0.07910872560744377,-0.0017250176401208059,0.19354665881705616,right shoulder,correct
67,-0.10243262765253,0.09720077829070849,0.17602602001592588,right elbow,correct
67,-0.11161566393176818,0.19143576907895316,0.19770653137243313,right hand,correct
67,0.036686114385188484,-0.0017250176401208059,0.19354665881705616,left shoulder,correct
67,0.06499064964412266,0.10205069421486507,0.18045185649018328,left elbow,correct
67,0.08762850732672182,0.19078338702541459,0.20559245078070817,left hand,correct
67,0.0,0.0,0.0,lower spine,correct
67,-0.03822681975149975,-0.004173925569541143,-0.009249205904080661,right hip,correct
67,-0.03402863010884971,0.10360067997258311,-0.09976274616142335,right knee,correct
67,-0.046352619570634745,0.10967930584490737,-0.2351603630536773,right foot,correct
67,0.04299361181194192,0.008781056880543047,0.003513203969321638,left hip,correct
67,0.07784404306601314,0.1156692904378435,-0.082838191866838,left knee,correct
67,0.10579006741143812,0.10072745931358991,-0.22695893652680188,left foot,correct
